country_name,iso_3166_1_alpha_3,cancel_public_events,contact_tracing,cumulative_confirmed,cumulative_deceased,debt_relief,emergency_investment_in_healthcare,facial_coverings,fiscal_measures,gdp_per_capita_usd,gdp_usd,income_support,international_support,international_travel_controls,investment_in_vaccines,new_confirmed,new_deceased,openstreetmap_id,population_age_00_09,population_age_10_19,population_age_20_29,population_age_30_39,population_age_40_49,population_age_50_59,population_age_60_69,population_age_70_79,population_age_80_and_older,population_female,population_male,population_rural,population_urban,public_information_campaigns,public_transport_closing,restrictions_on_gatherings,restrictions_on_internal_movement,school_closing,stay_at_home_requirements,subregion1_code,subregion1_name,subregion2_name,testing_policy,vaccination_policy,workplace_closing
Afghanistan,AFG,,,6890.006,308.0595,,424876.72,,0.0,502.0,19101354000.0,,260068.27,,148293.97,25.472214,1.1526961,1478767.0,11088732.0,9821559.0,7035871.0,4534646.0,2963459.0,1840198.0,1057496.0,480455.0,105925.0,18952076.0,19976264.0,28244480.0,9797273.0,,,,,,,,,,,,
Albania,ALB,2,2,88877.11,1473.8914,1,45375.22,4,923194.8,5352.0,15278078000.0,1,0.0,1,9019.607,343.21338,4.3863635,53292.0,319074.0,381542.0,474360.0,366807.0,339697.0,398271.0,315510.0,190753.0,52224.0,1432833.0,1429594.0,1106598.0,1747593.0,2,0,4,0,2,2,,,,2,0,1
Algeria,DZA,2,2,104778.53,2965.9976,1,583184.25,3,1280025.9,3948.0,169988240000.0,0,0.0,4,2167168.5,334.7601,8.646464,192756.0,9677490.0,6731747.0,6573715.0,7275235.0,5448619.0,3800056.0,2530542.0,1237834.0,575805.0,21697236.0,22153808.0,11542954.0,31510100.0,2,2,4,0,1,2,,,,1,0,2
American Samoa,ASM,,,4.0972223,0.0,,,,,11466.0,636000000.0,,,,,0.24747474,0.0,,,,,,,,,,,,,7109.0,48203.0,,,,,,,,,,,,
Andorra,AND,1,2,9930.202,87.38005,2,4520.319,3,760847.25,40886.0,3154058000.0,2,817787.8,2,0.0,48.411617,0.19065657,9407.0,9370.0,12022.0,10727.0,12394.0,21001.0,20720.0,14433.0,8657.0,4881.0,55581.0,58625.0,9269.0,67873.0,2,1,4,0,1,0,,,,3,0,2
Angola,AGO,2,0,27840.963,658.4823,0,419580.4,3,15706.807,2973.0,94635420000.0,0,0.0,4,114434.33,124.67929,2.39899,195267.0,10899168.0,7881779.0,5306037.0,3699729.0,2412735.0,1464602.0,785897.0,331729.0,84592.0,16605398.0,16260870.0,10764270.0,21061024.0,2,1,4,2,0,1,,,,2,0,2
Anguilla,AIA,,,342.96466,0.905303,,,,,,,,,,,3.22601,0.011363637,2177161.0,2196.0,2146.0,2005.0,2081.0,2187.0,2214.0,1351.0,641.0,301.0,7971.0,7151.0,,,,,,,,,,,,,,
Antarctica,ATA,,,,,,,,,,,,,,,,,2186646.0,,,,,,,,,,,,,,,,,,,,,,,,,
Antigua and Barbuda,ATG,,,1392.3965,34.566917,,,,,17790.0,1727759200.0,,,,,9.405303,0.17045455,536900.0,14583.0,13867.0,14894.0,14094.0,13860.0,12832.0,8043.0,4101.0,1654.0,50659.0,47269.0,73318.0,23800.0,,,,,,,,,,,,
Argentina,ARG,,,19054.352,404.69305,,341668.22,,26373572.0,10006.0,449663430000.0,,0.0,,127713.92,79.90775,1.1388905,1862946.2,37251.066,39061.746,35654.78,32031.0,24989.314,21689.326,16157.612,10077.309,5509.882,114178.69,108244.92,3599141.0,41339572.0,,,,,,,B,Buenos Aires Province,,,,
Armenia,ARM,,,157383.53,3155.7449,,,,,4622.0,13672802000.0,,,,,531.57574,10.752525,364066.0,418859.0,368930.0,408924.0,503953.0,353088.0,362653.0,328402.0,126743.0,91682.0,1569487.0,1393747.0,1087883.0,1869848.0,,,,,,,,,,,,
Aruba,ABW,2,1,8623.836,75.16161,0,0.0,3,467642.0,29007.0,3056424700.0,1,0.0,1,0.0,42.530304,0.26641414,1231749.0,11757.0,14010.0,14980.0,11244.0,14271.0,17205.0,13754.0,6958.0,2587.0,56124.0,50642.0,60019.0,46295.0,2,0,4,0,1,2,,,,1,0,0
Australia,AUS,,,49528.06,231.33763,,6558739.5,,380329120.0,54907.0,1392680600000.0,,1310562.5,,5923463.0,947.9021,1.5555236,2078229.5,681124.0,646130.56,697523.7,765151.44,681349.0,641479.75,547550.25,380363.0,216613.33,2649693.0,2607591.8,3519551.0,21844756.0,,,,,,,,,,,,
Austria,AUT,,,15507.798,195.1681,,0.0,,103397820.0,50810.8,91011770000.0,,8889.796,,1370.827,111.88496,0.5620508,268601.34,120012.56,120180.875,161536.75,170821.69,169302.88,191670.12,136694.12,108634.44,60783.938,630446.06,609191.3,3682651.0,5194416.0,,,,,,,3,Lower Austria,,,,
Azerbaijan,AZE,2,2,243423.75,3278.9697,0,257983.19,2,1008781.44,4793.0,48047650000.0,0,16806.723,4,0.0,994.86993,11.960858,364110.0,1686038.0,1335458.0,1608985.0,1766692.0,1280803.0,1281076.0,804308.0,242762.0,133053.0,5074511.0,5064664.0,4407153.0,5616165.0,2,1,4,0,3,1,,,,2,0,2
Bahamas,BHS,2,2,10210.829,243.7197,0,34542.312,3,643177.9,32933.0,12827000000.0,1,0.0,1,2043.4227,41.85606,0.9734849,547469.0,53654.0,63795.0,66568.0,55457.0,56496.0,49222.0,29430.0,13645.0,4981.0,202155.0,191093.0,65698.0,323784.0,2,0,4,2,3,2,,,,1,0,2
Bahrain,BHR,2,2,147561.69,639.1894,2,799488.06,3,20046924.0,23503.0,38574068000.0,2,0.0,3,0.0,656.0404,1.8371212,378734.0,218135.0,181855.0,306670.0,507733.0,256721.0,140231.0,66572.0,17818.0,5848.0,601109.0,1100474.0,174063.0,1467109.0,2,0,4,0,3,1,,,,3,0,2
Bangladesh,BGD,,,22043.074,11688.326,,228243.06,,16088448.0,1855.0,302571260000.0,,872173.94,,0.0,57.90321,36.689392,4357175.0,18282388.0,19423780.0,19618976.0,17023930.0,12989983.0,9472912.0,4564642.5,2493189.0,1109860.0,51606704.0,53372956.0,102058744.0,60987416.0,,,,,,,C,Khulna,,,,
Barbados,BRB,2,2,7126.645,59.844696,1,19551.148,3,1700336.8,18148.0,5209000000.0,1,25.252525,2,0.0,70.13005,0.3989899,547511.0,30618.0,36512.0,37578.0,37124.0,39067.0,39936.0,33573.0,20154.0,12809.0,148287.0,139084.0,197594.0,89431.0,2,1,3,0,3,2,,,,2,0,2
Belarus,BLR,1,2,287347.22,2198.601,0,1417.6621,1,0.0,6663.0,63080456000.0,0,0.0,3,0.0,1168.5796,8.233586,59065.0,1143840.0,928883.0,1077802.0,1530348.0,1285401.0,1345791.0,1243251.0,525562.0,368443.0,5049954.0,4399367.0,1983874.0,7482982.0,2,0,4,0,0,1,,,,3,0,0
Belgium,BEL,,,148670.33,17468.674,,2763215.5,,25332718.0,45597.168,90406396000.0,,0.0,,34718.355,809.0467,38.18687,425672.25,213793.5,214717.83,236144.5,248094.0,251483.67,265709.34,221005.83,150476.33,107828.164,968448.8,940804.3,224973.0,11259082.0,,,,,,,,,,,,
Belize,BLZ,2,2,12368.99,236.48738,2,0.0,3,42420.785,4815.0,1879613600.0,1,21517.887,1,0.0,71.73737,0.8207071,287827.0,78106.0,77850.0,75819.0,59715.0,43958.0,31810.0,17814.0,8311.0,4238.0,199860.0,197761.0,211314.0,179039.0,2,0,4,2,3,2,,,,2,0,2
Benin,BEN,2,2,8482.481,73.90656,1,82202.516,4,1065722.0,1219.0,14390709000.0,1,7588.5327,3,0.0,33.554295,0.20580809,192784.0,3596950.0,2779486.0,2061768.0,1436443.0,981832.0,650681.0,379183.0,184835.0,52020.0,6068950.0,6054248.0,6153002.0,5648149.0,2,0,3,0,0,0,,,,2,0,0
Bermuda,BMU,1,2,2204.971,32.359848,0,4827.5864,2,317251.72,,,2,0.0,2,0.0,14.597222,0.15530303,1993208.0,7430.0,7680.0,8063.0,7719.0,7253.0,10229.0,9484.0,5676.0,3313.0,34524.0,32322.0,0.0,63918.0,2,0,3,0,1,2,,,,3,0,1
Bhutan,BTN,2,2,1410.8927,1.1742424,2,45119.965,4,746646.2,3243.0,2446674200.0,1,170.35776,3,0.0,17.828283,0.007575758,184629.0,125828.0,135993.0,153314.0,138681.0,89604.0,59014.0,36908.0,22234.0,10036.0,361525.0,410087.0,445554.0,317538.0,2,1,3,2,3,1,,,,3,0,2
Bolivia,BOL,,,274036.8,10326.467,,290835.88,,2042757.9,3552.0,40895324000.0,,0.0,,0.0,1128.5038,27.074495,1386962.1,481515.8,463087.8,412422.7,333951.1,251296.6,175430.3,122760.5,75359.8,39673.4,1177196.6,1178301.6,3480065.0,8033035.0,,,,,,,,,,,,
Bosnia and Herzegovina,BIH,1,0,129921.87,5571.2373,0,27663.025,3,1101117.6,6073.0,20047847000.0,0,0.0,1,12998.586,469.50253,19.57702,2528142.0,295212.0,346275.0,403272.0,458385.0,447738.0,500182.0,463795.0,242498.0,123458.0,1674206.0,1606609.0,1695856.0,1605144.0,2,0,3,0,1,0,,,,2,0,1
Botswana,BWA,2,2,67265.3,819.7323,0,7921.6353,3,598992.3,7961.0,18340512000.0,0,0.0,1,0.0,333.2702,3.3068182,1889339.0,539005.0,472033.0,402509.0,365289.0,261015.0,146583.0,104251.0,48558.0,12382.0,1212526.0,1139099.0,687147.0,1616550.0,2,0,3,2,1,2,,,,3,0,1
Bouvet Island,BVT,,,,,,,,,,,,,,,,,2425963.0,,,,,,,,,,,,,,,,,,,,,,,,,
Brazil,BRA,,,6950.1396,194.05362,,283639680.0,,359805250.0,838648.0,919880140000.0,,0.0,,192417.03,19.444166,0.4222138,373497.47,16436.941,18926.066,19724.766,17959.541,15133.001,11696.899,7517.8535,4018.7776,1966.1375,57927.81,55452.887,27807886.0,183241650.0,,,,,,,MG,Minas Gerais,,,,
British Indian Ocean Territory,IOT,,,,,,,,,,,,,,,,,1993867.0,,,,,,,,,,,,,,,,,,,,,,,,,
British Virgin Islands,VGB,,,1074.452,12.265152,,,,,,,,,,,7.6906567,0.078282826,285454.0,3946.0,3818.0,5242.0,5991.0,5357.0,4985.0,3310.0,1570.0,556.0,18223.0,16553.0,15581.0,14449.0,,,,,,,,,,,,
Brunei,BRN,1,2,3843.4546,13.52904,0,13050.813,2,532203.4,31086.0,13469423000.0,0,0.0,4,0.0,96.633835,0.10858586,2103120.0,66355.0,65084.0,69696.0,76568.0,68003.0,50221.0,28513.0,9569.0,3474.0,210496.0,226987.0,95574.0,337711.0,2,0,2,0,1,0,,,,3,0,1
Bulgaria,BGR,,,288330.6,11331.594,,699963.44,,10674110.0,9440.0,66182566000.0,,0.0,,101014.11,1385.4773,45.09596,1660416.2,670392.0,650000.0,727368.0,969414.0,1062720.0,946529.0,954084.0,680922.0,338610.0,3604338.0,3395701.0,1719734.0,5256027.0,,,,,,,,,,,,
Burkina Faso,BFA,0,2,8369.378,129.36111,0,25647.81,3,0.0,774.0,15745810000.0,0,134680.14,1,0.0,26.200758,0.47348484,192783.0,6552188.0,5029543.0,3508065.0,2428033.0,1587133.0,977490.0,538877.0,234237.0,47712.0,10458565.0,10444713.0,14229029.0,6092349.0,2,0,0,0,0,0,,,,3,0,0
Burundi,BDI,0,0,7371.9497,5.3737373,0,925.9259,1,0.0,261.0,3012334800.0,1,0.0,2,0.0,48.169193,0.018939395,195269.0,3872447.0,2725292.0,2029581.0,1539547.0,747632.0,491974.0,339631.0,112129.0,32548.0,5990917.0,5899864.0,9989403.0,1541177.0,1,0,0,0,0,0,,,,1,0,0
Cambodia,KHM,2,2,36030.168,771.90656,0,101351.35,3,1093062.6,1643.0,27089390000.0,0,0.0,2,0.0,165.87373,3.8295455,49898.0,3530587.0,3100069.0,3117605.0,2889268.0,1429087.0,1387484.0,816776.0,352445.0,95650.0,8556547.0,8162424.0,12561921.0,3924621.0,2,0,4,0,3,0,,,,1,0,2
Cameroon,CMR,1,0,48209.383,806.2689,0,173429.05,3,1702702.8,1497.0,38760470000.0,0,0.0,1,0.0,150.55556,2.4280303,192830.0,7846026.0,6176459.0,4551787.0,3399842.0,2141843.0,1288477.0,733299.0,332734.0,75397.0,13268789.0,13277075.0,11135124.0,14741256.0,2,0,3,0,1,0,,,,2,0,0
Canada,CAN,,,26857.027,535.7704,,3209998.2,,33190334.0,46194.0,298185060000.0,,145111.52,,959145.3,123.12447,1.4375854,396327.6,567535.56,570234.3,711638.7,742823.7,687597.7,738315.0,671959.4,430807.5,238898.5,2717526.0,2642284.5,6960780.0,30628482.0,,,,,,,ON,Ontario,,,,
Cape Verde,CPV,2,2,18976.246,165.21718,2,31652.396,3,103616.734,3603.0,1981845800.0,1,0.0,1,51185.21,70.56692,0.50631315,535774.0,105076.0,99937.0,97845.0,98286.0,64906.0,47912.0,26373.0,9056.0,6597.0,276871.0,279117.0,185906.0,364029.0,2,0,4,2,3,1,,,,3,0,2
Caribbean Netherlands,BES,,,,,,,,,,,,,,,,,1216720.0,3788.0,3565.0,3771.0,4747.0,4191.0,5594.0,3259.0,1975.0,657.0,15575.0,15971.0,,,,,,,,,,,,,,
Cayman Islands,CYM,,,1941.5947,2.8358586,,,,,85477.0,5485419500.0,,,,,24.46086,0.021464646,2185366.0,9182.0,8787.0,9727.0,10004.0,10819.0,11693.0,9471.0,4638.0,2072.0,39213.0,37180.0,0.0,64948.0,,,,,,,,,,,,
Central African Republic,CAF,0,0,6097.8447,64.10732,0,0.0,3,190289.2,467.0,2220307500.0,0,0.0,2,0.0,18.080809,0.14267677,192790.0,1435609.0,1264608.0,839990.0,501335.0,339529.0,232596.0,139061.0,61506.0,15530.0,2435722.0,2394042.0,2763121.0,1982064.0,2,0,0,0,0,2,,,,1,0,0
Chad,TCD,0,1,3052.625,114.79798,1,128290.89,4,586797.6,709.0,11314951000.0,0,0.0,2,0.0,9.162879,0.239899,2361304.0,5452549.0,4038728.0,2781017.0,1769646.0,1082831.0,654647.0,417349.0,180661.0,48431.0,8225689.0,8200170.0,12234603.0,3712273.0,2,0,3,0,0,0,,,,1,0,0
Chile,CHL,,,20418.086,504.41263,,2973246.5,,26205734.0,14896.0,282318140000.0,,20236088.0,,4343037.5,115.923645,1.8815706,938824.06,306997.06,307689.06,357838.8,363604.47,315378.25,293369.75,215905.23,118722.766,59443.766,71090.82,74148.875,2341903.0,16610135.0,,,,,,,RM,Santiago Metropolitan Region,,,,
China,CHN,1,2,10502.836,472.8705,0,2538526.8,2,252614910.0,10261.0,3563210100000.0,0,17689.568,3,119562.84,42.157066,1.2116435,690361.2,10676988.0,10395885.0,11998645.0,14856228.0,13733968.0,14233210.0,9589775.0,4585337.0,1735572.1,44736972.0,47068636.0,554781060.0,842933950.0,2,0,1,1,1,1,,,,3,0,1
Christmas Island,CXR,,,,,,,,,,,,,,,,,2177207.0,179.0,201.0,549.0,404.0,296.0,245.0,146.0,47.0,4.0,607.0,1463.0,,,,,,,,,,,,,,
Cocos Islands,CCK,,,,,,,,,,,,,,,,,82636.0,72.0,81.0,53.0,75.0,75.0,100.0,54.0,31.0,13.0,262.0,292.0,,,,,,,,,,,,,,
Colombia,COL,,,15416.38,448.75354,,10393381.0,,42277430.0,6432.0,323802800000.0,,53289.49,,0.0,51.843403,1.4003321,1594864.5,462067.03,502929.53,536372.4,501267.88,416757.94,362949.84,240772.34,119566.98,52438.414,1637715.0,1557407.4,9512141.0,40827304.0,,,,,,,05,Antioquia,,,,
Comoros,COM,,,2501.6123,77.42929,,,,,1393.0,1185728600.0,,,,,10.160354,0.2020202,535790.0,237638.0,191268.0,150845.0,117377.0,77036.0,50892.0,29656.0,11659.0,3224.0,430942.0,438653.0,602734.0,248152.0,,,,,,,,,,,,
Cook Islands,COK,,,0.38257575,0.0,,,,,,,,,,,0.10606061,0.0,2184233.0,2343.0,2596.0,2608.0,1747.0,2276.0,2977.0,1899.0,1105.0,499.0,8768.0,9281.0,,,,,,,,,,,,,,
Costa Rica,CRI,,,243762.77,2984.8687,,0.0,,906307.5,12238.0,61773943000.0,,2685.195,,51020.406,1024.0404,10.172979,2855951.0,171181.62,176813.0,200258.0,199643.88,159058.38,146987.88,102374.875,56962.125,27725.25,629123.0,611882.25,1005676.0,4041885.0,,,,,,,,,,,,
Croatia,HRV,1,2,256946.55,4885.303,2,351260.5,3,10929983.0,14868.0,60917596000.0,1,0.0,3,4216.1523,1338.4823,19.122475,214885.0,387321.0,404914.0,479988.0,544058.0,542154.0,581554.0,560437.0,358187.0,217633.0,2103674.0,1972572.0,1739182.0,2328318.0,2,0,3,0,1,0,,,,3,0,1
Cuba,CUB,,,272281.53,2245.9077,,0.0,,0.0,8821.0,100023000000.0,,0.0,,0.0,1352.6843,10.729798,2054825.5,140746.06,142138.23,164292.23,175253.88,186774.77,231219.47,139189.7,91866.65,52873.234,666583.75,657770.3,2594348.0,8739135.0,,,,,,,,Havana Province,,,,
Curaçao,CUW,,,8545.065,69.66161,,,,,19573.0,3127908000.0,,,,,49.26389,0.32954547,1216719.0,19331.0,21574.0,19538.0,18723.0,20281.0,24426.0,20705.0,13005.0,6517.0,88631.0,75469.0,17175.0,140363.0,,,,,,,,,,,,
Cyprus,CYP,1,2,60579.145,256.2361,2,184781.98,3,3886632.2,28674.0,24942617000.0,2,0.0,3,0.0,413.58585,1.0909091,307787.0,95734.0,94326.0,137873.0,139859.0,110212.0,108417.0,93559.0,63906.0,32013.0,448068.0,427831.0,397867.0,800708.0,2,1,3,0,1,1,,,,3,0,2
Czech Republic,CZE,,,30945.137,587.82794,,217784.53,,7564899.5,21413.066,89941600000.0,,3655.4746,,0.0,135.39003,1.7286102,437477.6,36503.824,33151.715,36960.67,48328.746,55701.934,42583.242,43396.484,31741.89,14030.67,173991.9,168407.19,2782553.0,7887156.0,,,,,,,20,Central Bohemian Region,,,,
Democratic Republic of the Congo,COD,,,13008.207,593.0038,,110829.1,,614670.06,545.0,47319626000.0,,0.0,,0.0,56.7668,1.685606,1058218.2,10778864.0,7701302.5,5184545.5,3575422.8,2400291.2,1595197.6,950498.7,473725.66,120965.0,16470330.0,16310483.0,47694890.0,39095680.0,,,,,,,,,,,,
Denmark,DNK,1,1,299797.06,1704.5392,0,161140.33,2,78141390.0,61360.0,355582250000.0,2,161054.97,3,3797.4683,3540.2234,5.917929,50046.0,618216.0,683669.0,783879.0,681161.0,762648.0,797775.0,662929.0,552058.0,263746.0,2917008.0,2889073.0,698575.0,5119978.0,2,0,4,0,1,1,,,,3,0,2
Djibouti,DJI,1,2,7597.8877,93.22601,0,9398.496,4,10600.375,3408.0,3318716400.0,1,0.0,1,0.0,19.63005,0.23863636,192801.0,197110.0,179320.0,177328.0,162416.0,120922.0,78077.0,44334.0,22330.0,6165.0,469009.0,518993.0,215011.0,758549.0,2,0,4,0,1,0,,,,2,0,1
Dominica,DMA,0,2,1519.0253,8.425505,0,0.0,3,13445.378,8300.0,596033340.0,0,0.0,2,0.0,14.075758,0.077020206,307823.0,15280.0,15360.0,10894.0,12217.0,8926.0,5747.0,2629.0,178.0,110.0,36298.0,35041.0,20978.0,50830.0,2,0,2,0,3,0,,,,3,0,0
Dominican Republic,DOM,,,211852.14,2498.6743,,606942.2,,1806057.5,8282.0,88941300000.0,,0.0,,978.82355,726.5606,5.517677,3335243.5,123032.97,121793.06,119536.03,100147.61,81155.97,68594.63,43984.09,22927.969,11291.0,344291.38,348172.06,1951483.0,8787475.0,,,,,,,,,,,,
East Timor,TLS,2,2,6135.4395,31.247475,0,107304.945,3,145892.17,1294.0,1673540400.0,2,26138.28,4,0.0,28.713385,0.16287878,305142.0,331878.0,306716.0,244908.0,159027.0,100788.0,88473.0,50144.0,28914.0,7594.0,652200.0,666242.0,892937.0,400182.0,2,0,0,0,0,0,,,,1,0,0
Ecuador,ECU,,,285722.47,16623.684,,1299145.2,,742075.2,6183.0,107435660000.0,,0.0,,0.0,1052.1351,44.506313,239899.0,263077.97,249763.77,239860.69,206846.92,166812.2,127639.2,87978.8,46291.52,22904.28,708149.94,703025.3,6256951.0,11116711.0,,,,,,,,,,,,
Egypt,EGY,2,2,181715.06,10200.272,2,1077862.4,4,30715024.0,3020.0,303175140000.0,1,0.0,1,0.0,614.11743,30.469696,1473947.0,25028540.0,18385432.0,16511130.0,15198349.0,10948602.0,7844892.0,5122657.0,2530980.0,763822.0,50631540.0,51702864.0,57492250.0,42895824.0,2,0,4,0,2,0,,,,2,0,2
El Salvador,SLV,,,55976.668,1695.7488,,305119.47,,3069491.2,4187.0,27022640000.0,,0.0,,0.0,197.42929,5.1527777,3484310.2,155982.4,158693.2,165328.27,119803.664,98424.93,77337.734,55295.133,34014.266,17808.867,469893.88,412795.0,1758851.0,4694702.0,,,,,,,,,,,,
Equatorial Guinea,GNQ,,,6568.653,89.579544,,,,,8131.0,11026775000.0,,,,,20.056818,0.23106061,192791.0,371663.0,265297.0,286385.0,248981.0,115362.0,62217.0,34879.0,14721.0,3480.0,622605.0,780380.0,371174.0,984812.0,,,,,,,,,,,,
Eritrea,ERI,2,1,3182.6868,20.133839,0,0.0,3,915.37225,,,0,0.0,4,0.0,12.256313,0.13005051,296961.0,971770.0,860625.0,572236.0,460764.0,280842.0,171950.0,128327.0,77082.0,22831.0,1768879.0,1777548.0,,,2,2,3,2,0,2,,,,3,0,3
Estonia,EST,,,12327.011,727.36615,,2392.48,,5333562.5,23246.0,30722304000.0,,577.66144,,0.0,87.42809,2.8724747,334738.25,144911.0,133739.0,152825.0,192519.0,182048.0,171824.0,162450.0,109787.0,74717.0,699185.0,625635.0,410566.0,916024.0,,,,,,,,,,,,
Ethiopia,ETH,1,1,176982.7,2821.1135,0,259992.42,3,2356902.2,857.0,96107660000.0,0,0.0,2,0.0,591.9823,9.435606,192800.0,32037548.0,26828994.0,21439044.0,13792878.0,9038653.0,5704066.0,3624554.0,1929368.0,568477.0,57446748.0,57516836.0,88290020.0,23788710.0,2,1,3,0,1,0,,,,1,0,1
Falkland Islands,FLK,,,39.93182,0.0,,,,,,,,,,,0.14520203,0.0,2185374.0,414.0,270.0,311.0,314.0,319.0,337.0,316.0,273.0,126.0,1296.0,1385.0,,,,,,,,,,,,,,
Faroe Islands,FRO,1,2,2339.3801,2.885101,0,0.0,0,0.0,58622.0,2833300500.0,1,0.0,2,0.0,43.7601,0.035353534,52939.0,7165.0,7068.0,7773.0,6229.0,6056.0,6837.0,5844.0,4321.0,2267.0,25775.0,27785.0,28124.0,20554.0,2,0,2,0,0,0,,,,3,0,2
Fiji,FJI,2,2,15038.586,181.52904,2,67340.07,2,673400.7,6220.0,5535549000.0,1,0.0,3,0.0,80.806816,1.0530303,571747.0,177140.0,158135.0,141945.0,134954.0,106523.0,91437.0,57119.0,23633.0,5558.0,442426.0,454018.0,384905.0,505048.0,2,0,2,0,3,2,,,,3,0,2
Finland,FIN,1,1,94713.34,762.82324,1,190213.36,1,866949.0,50150.0,276654560000.0,2,16234.246,3,7017.504,1043.3107,3.0138888,54224.0,576696.0,601705.0,675248.0,706147.0,657943.0,732782.0,724769.0,539919.0,302710.0,2794629.0,2723290.0,803426.0,4716888.0,2,0,4,0,1,1,,,,2,0,1
France,FRA,,,99032.055,1614.6532,,19650518.0,,1550369500.0,55873.0,1821309300000.0,,2234675.5,,761759.75,822.9176,4.053527,518205.5,202163.66,213954.38,194295.62,214284.98,223601.75,226729.22,206807.81,141031.47,106479.81,893348.3,836000.4,12936523.0,54123364.0,,,,,,,OCC,Occitanie,,,,
French Guiana,GUF,,,21295.168,125.02525,,,,,,,,,,,98.18813,0.4949495,1260551.0,66121.0,57553.0,46109.0,38719.0,36990.0,26711.0,17226.0,7222.0,2031.0,150932.0,147750.0,,,,,,,,,,,,,,
French Polynesia,PYF,,,18613.889,198.15782,,,,,,,,,,,86.3952,0.81060606,3412620.0,39634.0,44134.0,40380.0,43367.0,39588.0,35649.0,23042.0,10823.0,4287.0,138643.0,142261.0,106417.0,172870.0,,,,,,,,,,,,
French Southern Territories,ATF,,,,,,,,,,,,,,,,,2186658.0,,,,,,,,,,,,,,,,,,,,,,,,,
Gabon,GAB,2,0,17171.707,112.15151,2,3367.0034,3,698653.2,7667.0,16657960000.0,0,0.0,3,0.0,60.02904,0.38257575,192793.0,600006.0,422770.0,367413.0,350066.0,232164.0,134152.0,71303.0,36693.0,11161.0,1092874.0,1132854.0,222885.0,1949694.0,2,1,3,2,1,2,,,,3,0,2
Gambia,GMB,2,2,4885.563,154.82954,0,16740.205,3,52004.285,751.0,1763819000.0,0,0.0,1,0.0,15.085858,0.46085858,192774.0,762310.0,556857.0,429179.0,283131.0,174067.0,115911.0,59281.0,30008.0,5920.0,1218124.0,1198540.0,893748.0,1453958.0,2,1,4,0,0,0,,,,2,0,0
Georgia,GEO,2,2,325331.3,4284.9985,0,701464.9,2,3769441.8,4769.0,17743196000.0,1,0.0,3,0.0,2046.2614,20.588385,,553163.0,471057.0,500698.0,565076.0,517946.0,523623.0,459858.0,248786.0,148968.0,2087947.0,1901227.0,1523906.0,2196476.0,2,0,4,0,0,0,,,,2,0,2
Germany,DEU,,,23880.518,494.5655,,112122024.0,,183448900.0,45742.35,464277270000.0,,6378547.5,,2356356.0,165.42139,1.4825196,321855.97,53841.58,54831.527,69482.02,75282.2,74057.91,95867.71,73346.95,54644.004,38371.836,298705.62,291020.1,18807964.0,64324836.0,,,,,,,BY,Bavaria,,,,
Ghana,GHA,2,2,70383.78,573.8952,0,168918.92,4,354729.72,2202.0,66983633000.0,0,0.0,1,253485.42,202.05556,1.8207071,192781.0,8057871.0,6616721.0,5398591.0,4190418.0,3031250.0,2134979.0,1091067.0,456790.0,95258.0,15322946.0,15749999.0,13168802.0,17249054.0,2,0,3,0,0,0,,,,3,0,2
Gibraltar,GIB,,,3448.1074,49.558083,,,,,,,,,,,19.662878,0.12752526,1278736.0,4658.0,4385.0,5133.0,5068.0,4573.0,3222.0,3350.0,2640.0,1475.0,17225.0,17279.0,0.0,33701.0,,,,,,,,,,,,
Greece,GRC,2,2,387661.03,7677.466,2,4567.2983,2,62081330.0,20296.0,217962050000.0,2,0.0,3,4135.848,3118.9546,32.873737,192307.0,994709.0,1088503.0,1121294.0,1375885.0,1608239.0,1500790.0,1278758.0,995987.0,760434.0,5516306.0,5208293.0,2208848.0,8507474.0,2,1,4,2,1,2,,,,3,0,2
Greenland,GRL,1,2,916.2563,0.56439394,0,514.7741,2,49668.43,54470.0,3051626500.0,2,0.0,4,24.06709,14.906566,0.022727273,2184073.0,6847.0,6865.0,7738.0,6648.0,4838.0,8106.0,5267.0,2337.0,803.0,24138.0,25310.0,7280.0,48945.0,2,0,2,0,1,0,,,,2,0,0
Grenada,GRD,,,1740.3358,41.070705,,,,,10965.0,1228170400.0,,,,,17.285353,0.27272728,550727.0,18131.0,16137.0,18289.0,18210.0,12871.0,12145.0,9576.0,4788.0,2372.0,55853.0,56666.0,71238.0,40765.0,,,,,,,,,,,,
Guam,GUM,2,2,7415.918,112.94949,0,0.0,3,1072036.2,35712.0,5920000000.0,0,0.0,2,0.0,47.09596,0.4179293,1152532.0,26980.0,27161.0,27031.0,21835.0,19936.0,20164.0,14331.0,7781.0,3564.0,83643.0,85140.0,8601.0,158693.0,2,0,3,0,1,1,,,,3,0,1
Guatemala,GTM,,,241345.62,6697.9585,,360461.94,,6679509.0,4619.0,76710390000.0,,0.0,,0.0,989.9293,21.487373,678081.75,357325.66,340012.75,298138.0,221142.34,148655.44,92058.83,62532.348,33217.176,16804.305,790738.3,779148.9,8063081.0,8540945.0,,,,,,,,,,,,
Guernsey,GGY,,,1695.4823,16.257576,,,,,,,,,,,18.224747,0.039141413,3064410.0,5407.0,5513.0,6844.0,7366.0,7524.0,8677.0,6759.0,5038.0,3243.0,28368.0,28003.0,,,,,,,,,,,,,,
Guinea,GIN,2,1,16635.021,154.1553,0,82736.055,3,652849.75,1064.0,13590282000.0,0,0.0,1,0.0,45.955807,0.5555556,192778.0,3965624.0,3199454.0,2365739.0,1470866.0,898439.0,614524.0,408149.0,171250.0,38747.0,6779558.0,6353234.0,8109741.0,4661505.0,2,0,3,2,1,2,,,,2,0,2
Guinea-Bissau,GNB,,,3287.4912,62.97601,,,,,697.0,1340389400.0,,,,,10.135101,0.21085858,192776.0,582349.0,450029.0,342384.0,254506.0,156575.0,92188.0,60416.0,24637.0,4914.0,1005303.0,962695.0,1080000.0,840922.0,,,,,,,,,,,,
Guyana,GUY,2,2,14795.01,349.96716,1,40536.633,3,129582.64,5468.0,4280443600.0,1,0.0,3,4951.5405,79.508835,1.5429293,287083.0,147628.0,145351.0,145306.0,93109.0,90525.0,79337.0,51356.0,22940.0,11007.0,391010.0,395549.0,573854.0,208912.0,2,0,4,0,2,2,,,,1,0,1
Haiti,HTI,,,2591.119,64.557045,,61805.36,,211525.42,754.0,8498982000.0,,0.0,,0.0,8.920302,0.24630873,597742.56,483162.9,492929.2,453416.28,351181.72,235818.1,161692.9,102829.45,51434.91,16838.727,1187817.5,1161486.2,4934129.0,6328948.0,,,,,,,,,,,,
Heard Island and McDonald Islands,HMD,,,,,,,,,,,,,,,,,2177227.0,,,,,,,,,,,,,,,,,,,,,,,,,
Honduras,HND,,,173068.05,4616.3584,,720672.25,,705882.4,2574.0,25095395000.0,,521.11633,,0.0,522.3472,13.617424,4355938.5,205224.27,212247.2,197404.42,154433.0,109752.84,71240.266,44036.79,21502.422,10919.632,520991.38,505769.47,4119684.0,5626433.0,,,,,,,,,,,,
Hong Kong,HKG,2,2,8051.0103,145.80495,2,2319058.5,2,96669960.0,48755.0,366029570000.0,1,0.0,3,19121.795,22.475983,0.31004366,913110.0,664195.0,552659.0,867629.0,1122165.0,1129130.0,1207906.0,1048881.0,525084.0,379339.0,4057322.0,3439666.0,0.0,7507400.0,2,1,4,1,2,1,,,,3,0,2
Hungary,HUN,2,1,490981.03,16048.755,1,1211351.0,2,62691860.0,16166.0,157863000000.0,0,0.0,4,25265.443,2272.7854,55.916668,21335.0,927784.0,981009.0,1191157.0,1293534.0,1576171.0,1218271.0,1312208.0,839589.0,433033.0,5096935.0,4675821.0,2770367.0,6999582.0,2,0,2,0,0,0,,,,2,0,2
Iceland,ISL,1,2,11223.199,22.724747,2,0.0,2,3674889.0,66944.0,24188035000.0,2,0.0,3,0.0,177.94066,0.08585858,299133.0,44848.0,44914.0,55484.0,51650.0,45597.0,43927.0,36377.0,21716.0,12478.0,174154.0,182837.0,22203.0,339110.0,2,0,3,0,1,0,,,,3,0,1
India,IND,,,81670.445,1084.6686,,2128282.8,,548946940.0,2104.0,2875142400000.0,,2373737.2,,169538.64,271.2615,3.2788658,3807915.0,13307997.0,14071024.0,13345715.0,11972754.0,9411704.0,7118594.5,4833247.0,2163408.8,754093.1,37017640.0,39960900.0,895386240.0,471031520.0,,,,,,,UP,Uttar Pradesh,,,,
Indonesia,IDN,,,12816.333,401.91037,,48148.15,,119551050.0,4135.0,1119190800000.0,,0.0,,448.4212,57.21091,1.5135287,10058300.0,2730251.5,2618443.2,2477773.2,2343299.2,2139324.0,1637635.2,973245.5,421355.16,131456.94,7691216.0,7781347.0,119115840.0,151509730.0,,,,,,,JI,East Java,,,,
Iran,IRN,2,1,2350915.0,60104.023,1,0.0,3,45730584.0,5520.0,445345270000.0,1,0.0,3,0.0,8931.499,173.53409,304938.0,14565856.0,11747928.0,12342907.0,16739446.0,11655616.0,8295331.0,5396905.0,2354607.0,894357.0,41584548.0,42408410.0,20404284.0,62509624.0,2,1,4,2,3,2,,,,2,0,3
Iraq,IRQ,,,901474.0,12320.022,,225893.5,,876191.25,5955.0,234094030000.0,,0.0,,0.0,2911.7324,31.60101,2517614.0,3026758.2,2492334.5,2061581.0,1529882.2,1098043.0,659791.0,360546.0,165350.75,53629.25,5660751.5,5787164.0,11526415.0,27783368.0,,,,,,,,,,,,
Ireland,IRL,2,2,249588.92,3360.0466,2,6553614.0,3,37651668.0,78706.0,382365070000.0,2,20922.559,3,24916.135,1655.4355,8.241161,7681896.0,668830.0,658265.0,585903.0,729757.0,725606.0,593152.0,469668.0,309235.0,163824.0,2475359.0,2428881.0,1808321.0,3133123.0,2,1,4,0,1,0,,,,2,0,2
Isle of Man,IMN,,,3864.8042,37.55682,,,,,80989.0,6770533000.0,,,,,29.294191,0.1010101,6041206.0,10146.0,10137.0,10876.0,10570.0,12225.0,14013.0,11359.0,8980.0,5428.0,46709.0,47027.0,39979.0,44605.0,,,,,,,,,,,,
Israel,ISR,,,8005.252,29.156738,,7954656.5,,50006384.0,43641.0,395098650000.0,,0.0,,177777.16,51.68807,0.08824652,1742393.6,4300.957,3627.207,3084.038,2861.3545,2636.824,2059.2659,1849.3032,1270.9053,874.8207,10932.426,11010.678,678907.0,8374393.0,,,,,,,Z,Northern District,,,,
Italy,ITA,,,72323.4,7774.6816,,63925924.0,,1662859500.0,34187.816,189303690000.0,,0.0,,7488.36,403.6044,19.07414,177065.19,120443.336,136335.84,146552.47,167639.45,219455.36,222073.8,174300.38,141940.08,103472.26,735008.2,697204.75,17645430.0,42651970.0,,,,,,,25,Lombardy,,,,
Ivory Coast,CIV,0,1,33204.88,272.04926,2,134685.52,4,679276.75,2286.0,58792206000.0,1,523516.53,1,0.0,102.93308,1.0025252,192779.0,7750286.0,6104858.0,4660994.0,3172215.0,2117552.0,1337226.0,822066.0,341744.0,71334.0,13077895.0,13300380.0,12539644.0,13176900.0,2,0,0,0,0,1,,,,2,0,0
Jamaica,JAM,2,2,36252.555,808.3687,1,17979452.0,3,325995.62,5582.0,16458071000.0,1,2051.282,2,7672634.5,161.75252,3.554293,7117041.0,464789.0,466600.0,515496.0,443383.0,357430.0,320533.0,214541.0,119521.0,58868.0,1491520.0,1469641.0,1297685.0,1650594.0,2,1,3,2,1,2,,,,3,0,2
Japan,JPN,,,35403.562,400.349,,29273902.0,,2892343600.0,40246.0,5081769400000.0,,1419665900.0,,10508069.0,322.33548,1.5182489,2513976.5,517286.22,562038.3,614827.9,726656.3,928736.2,823563.94,792304.5,804337.1,554434.06,3255151.5,3069033.2,10482515.0,115782420.0,,,,,,,,,,,,
Jersey,JEY,,,5768.1997,51.227272,,,,,,,,,,,48.585857,0.14267677,6956667.0,12508.0,11599.0,17285.0,16050.0,10505.0,15721.0,12008.0,7982.0,5147.0,55205.0,53600.0,,,,,,,,,,,,,,
Jordan,JOR,2,1,444408.6,5340.078,0,0.0,2,2304965.5,4330.0,43743662000.0,1,0.0,3,0.0,2068.4697,17.48611,184818.0,2212563.0,2179853.0,1802536.0,1490608.0,1141345.0,755591.0,366278.0,190751.0,63615.0,5037161.0,5165979.0,888646.0,9213048.0,2,1,3,0,3,2,,,,2,0,1
Kazakhstan,KAZ,2,0,413208.75,6449.2515,0,3011431.2,3,22072184.0,9731.0,180161740000.0,0,10101.01,3,0.0,1757.024,23.948233,214665.0,3868010.0,2720923.0,2573192.0,2993495.0,2286421.0,2039441.0,1438909.0,552505.0,303811.0,9663768.0,9112939.0,7861015.0,10652915.0,2,2,4,2,2,2,,,,1,0,2
Kenya,KEN,,,8162.4175,2302.318,,81445.02,,2982063.2,1816.0,95503090000.0,,0.0,,0.0,30.192211,7.121212,3554588.2,14013910.0,12746879.0,9594274.0,7470146.0,4903045.0,2805603.0,1518826.0,574339.0,144278.0,27052772.0,26718528.0,38112450.0,14461523.0,,,,,,,,,,,,
Kiribati,KIR,0,0,93.92803,0.239899,0,0.0,0,0.0,1655.0,194647200.0,0,0.0,4,0.0,3.7424242,0.013888889,571178.0,29463.0,23632.0,20524.0,16604.0,11173.0,9988.0,5141.0,2330.0,591.0,60702.0,58744.0,53117.0,64489.0,2,0,0,0,0,0,,,,1,0,0
Kosovo,RKS,1,1,73600.875,1438.4395,2,0.0,4,3324850.2,,,1,0.0,1,0.0,285.88132,3.9217172,2088990.0,334023.0,355023.0,350198.0,356878.0,254881.0,217293.0,138421.0,71012.0,31162.0,1052151.0,1056741.0,,,2,1,3,0,1,2,,,,3,0,2
Kuwait,KWT,2,1,216986.27,1229.5505,1,2730375.5,3,6173806.0,32031.0,134761200000.0,1,102389.08,3,0.0,784.6793,3.2083333,305099.0,608326.0,533226.0,444882.0,878556.0,965369.0,561299.0,220263.0,48550.0,10092.0,1656117.0,2614446.0,0.0,4207083.0,2,1,4,0,3,0,,,,3,0,1
Kyrgyzstan,KGZ,2,1,89156.87,1420.8485,2,112053.93,3,50132.168,1309.0,8454619600.0,1,85625.91,1,0.0,253.28157,3.739899,178009.0,1529450.0,1100701.0,1082940.0,1014705.0,686435.0,581435.0,363824.0,111214.0,53487.0,3296921.0,3227270.0,4094256.0,2362644.0,2,0,4,0,2,0,,,,1,0,2
Laos,LAO,2,2,18787.92,59.517677,2,9612.142,4,20403.457,2534.0,18173840000.0,2,0.0,4,0.0,181.16919,0.790404,49903.0,1566742.0,1466251.0,1362625.0,1086529.0,772684.0,526577.0,317971.0,136164.0,40013.0,3623762.0,3651794.0,4613903.0,2555552.0,2,0,0,0,0,0,,,,2,0,2
Latvia,LVA,2,1,101718.89,1557.0657,2,197557.03,3,5398284.0,17818.0,34398216000.0,0,0.0,2,0.0,861.2601,6.671717,72594.0,204389.0,189618.0,210869.0,266944.0,258763.0,270667.0,240208.0,170997.0,107513.0,1035059.0,884909.0,607846.0,1304943.0,2,0,3,0,2,0,,,,2,0,2
Lebanon,LBN,2,1,329301.12,4092.7703,2,77854.67,3,0.0,7784.0,53367042000.0,0,58823.53,2,0.0,1354.2134,12.771464,184843.0,1152157.0,1134997.0,1176574.0,1009646.0,862743.0,724778.0,447767.0,211573.0,105207.0,3389696.0,3435746.0,770719.0,6084994.0,2,1,4,2,3,2,,,,2,0,2
Lesotho,LSO,2,1,9290.649,244.12373,0,63811.13,4,124389.85,1157.0,2460072400.0,0,0.0,1,0.0,41.29672,0.8800505,2093234.0,478748.0,428821.0,395192.0,327281.0,210251.0,140771.0,96813.0,48309.0,16066.0,1085302.0,1056950.0,1517760.0,607508.0,2,0,3,0,2,2,,,,1,0,2
Liberia,LBR,1,2,2721.0745,120.91161,0,0.0,3,42735.043,621.0,3070518000.0,0,96801.34,2,0.0,9.323233,0.37121212,192780.0,1418816.0,1175025.0,840853.0,629808.0,444196.0,283828.0,168470.0,76455.0,20226.0,2515138.0,2542539.0,2388948.0,2548426.0,2,1,3,0,0,0,,,,3,0,2
Libya,LBY,,,77395.92,1137.0431,,1083764.1,,1098298.4,7683.0,52076250000.0,,0.0,,16886.65,335.34665,4.208763,117952.0,642719.5,592882.5,547719.0,581747.0,524616.5,308594.0,142143.0,69474.0,25857.5,1701331.5,1734421.5,1328855.0,5448597.0,,,,,,,TB,Tripoli,,,,
Liechtenstein,LIE,2,2,2429.083,34.18262,0,0.0,2,1175157.9,173356.0,6552858600.0,0,0.0,3,828.48175,16.11335,0.09445844,1155955.0,3737.0,3891.0,4539.0,4888.0,5571.0,6339.0,4694.0,3263.0,1456.0,19353.0,19025.0,32555.0,5464.0,2,0,4,0,1,1,,,,3,0,1
Lithuania,LTU,2,2,198201.36,2764.726,2,971485.94,2,9733952.0,19116.0,53411967000.0,2,585.2526,2,6082.382,1166.4268,10.708333,72596.0,292389.0,266287.0,345322.0,350470.0,374254.0,425044.0,343396.0,235483.0,161539.0,1498593.0,1295591.0,895831.0,1891013.0,2,0,4,0,2,0,,,,2,0,1
Luxembourg,LUX,1,2,48733.17,487.62753,2,55621.867,2,18171778.0,116348.0,70862635000.0,1,372.47803,3,0.0,234.47853,1.2563131,2171347.0,65947.0,65866.0,84163.0,95974.0,92360.0,87825.0,60143.0,37334.0,24282.0,305174.0,308720.0,54408.0,565488.0,2,0,3,0,1,0,,,,3,0,1
Macau,MAC,0,2,48.89899,0.0,2,0.0,2,11204358.0,84096.0,53859115000.0,1,0.0,3,70428.38,0.7346939,0.0,1867188.0,68817.0,46834.0,88332.0,129802.0,93402.0,99615.0,78994.0,29881.0,13665.0,337242.0,312100.0,0.0,640445.0,2,0,0,0,1,0,,,,3,0,0
Macedonia,MKD,,,100834.03,3362.086,,,,,6093.0,12694823000.0,,,,,377.09848,11.426767,,227724.0,231901.0,292309.0,325743.0,297514.0,281928.0,235923.0,131705.0,52206.0,1036932.0,1040200.0,870719.0,1212740.0,,,,,,,,,,,,
Madagascar,MDG,0,1,24749.463,483.14142,0,6324.786,4,0.0,522.0,14083907000.0,0,0.0,4,0.0,80.377525,1.7247474,447325.0,7762937.0,6342928.0,4898736.0,3370908.0,2387858.0,1539765.0,915208.0,359863.0,112816.0,13876400.0,13814619.0,16758458.0,10210849.0,2,0,2,2,0,2,,,,1,0,0
Malawi,MWI,1,2,28126.586,938.8485,0,1040579.25,3,151291.45,411.0,7666704400.0,0,69808.03,1,47680.414,107.806816,3.304293,195290.0,5662519.0,4738053.0,3377518.0,2286023.0,1436741.0,846148.0,480248.0,244242.0,58463.0,9695918.0,9434037.0,15429446.0,3199301.0,2,0,3,0,0,0,,,,3,0,1
Malaysia,MYS,,,96544.54,973.6576,,675397.5,,232879860.0,11414.0,364701500000.0,,0.0,,0.0,547.5017,5.3944225,3757196.0,592452.94,617582.4,739264.7,644058.8,452000.0,367258.8,256535.3,125982.35,46717.65,1868753.0,1973047.0,7474011.0,24475766.0,,,,,,,,,,,,
Maldives,MDV,,,40203.117,105.377525,,,,,10790.0,5729248000.0,,,,,216.72853,0.375,536773.0,72821.0,59438.0,139684.0,137607.0,64649.0,35316.0,18164.0,8466.0,4397.0,197614.0,342928.0,317308.0,213645.0,,,,,,,,,,,,
Mali,MLI,2,2,9401.342,319.88004,0,17376.49,3,384667.8,890.0,17510142000.0,0,0.0,1,0.0,38.373737,0.9141414,192785.0,6760319.0,5009462.0,3203818.0,2160455.0,1485961.0,849119.0,501291.0,231083.0,49326.0,10105660.0,10145174.0,11178343.0,8479688.0,2,0,3,0,1,0,,,,3,0,2
Malta,MLT,2,2,20853.73,244.80807,1,0.0,4,0.0,30090.0,14606972000.0,2,0.0,3,0.0,90.37626,0.76641417,365307.0,46307.0,43517.0,75568.0,81203.0,65167.0,58962.0,59304.0,42685.0,20846.0,241723.0,251836.0,26751.0,475902.0,2,0,4,0,1,0,,,,3,0,2
Marshall Islands,MHL,,,2.5750315,0.0,,,,,3788.0,221278000.0,,,,,0.005044136,0.0,571771.0,12296.0,11723.0,8779.0,9206.0,5768.0,3943.0,2748.0,1112.0,301.0,27502.0,28373.0,13277.0,45514.0,,,,,,,,,,,,
Martinique,MTQ,,,17821.65,204.5846,,,,,,,,,,,146.67677,1.1300505,7112170.0,35953.0,47122.0,41372.0,34102.0,44187.0,62795.0,52467.0,33672.0,23595.0,202658.0,172607.0,,,,,,,,,,,,,,
Mauritania,MRT,2,2,18131.977,385.89014,0,134680.14,3,488215.5,1677.0,7593752600.0,0,0.0,1,0.0,74.03788,1.2361112,2695812.0,1307828.0,1007555.0,787902.0,619779.0,422632.0,267150.0,151073.0,67186.0,18555.0,2314679.0,2334981.0,2058875.0,2466821.0,2,0,0,0,0,0,,,,3,0,1
Mauritius,MUS,0,2,12131.092,117.97349,2,521885.53,3,2699988.0,11203.0,14180444000.0,2,84.17509,2,0.0,214.38889,1.1414142,535828.0,132886.0,175164.0,196809.0,175108.0,182090.0,175349.0,137990.0,69213.0,27158.0,644287.0,627480.0,749731.0,515980.0,2,0,0,0,0,0,,,,3,0,0
Mayotte,MYT,,,12203.173,98.26515,,,,,,,,,,,46.34217,0.2361111,1259885.0,71474.0,64566.0,43627.0,32986.0,27349.0,16164.0,9372.0,4998.0,2277.0,138654.0,134159.0,,,,,,,,,,,,,,
Mexico,MEX,,,9356.764,806.3904,,12356903.0,,8457785.0,9863.0,1258286700000.0,,0.0,,0.0,33.18874,2.173122,4630203.0,26005.455,26475.752,22515.605,20205.445,15594.161,10799.104,6549.294,3759.8438,1810.644,69282.414,66117.195,24948670.0,102626856.0,,,,,,,OAX,Oaxaca,,,,
Micronesia,FSM,,,2.3375316,0.0,,,,,3568.0,401932300.0,,,,,0.0037783375,0.0,,24048.0,23299.0,22348.0,15088.0,11429.0,9785.0,6732.0,1929.0,363.0,56541.0,58480.0,87852.0,25963.0,,,,,,,,,,,,
Moldova,MDA,2,1,170381.84,4251.308,1,17810.762,2,782197.3,4498.0,11955436000.0,1,989927.1,3,18637.91,636.7513,14.228536,58974.0,424058.0,419286.0,570833.0,773876.0,562808.0,521015.0,488289.0,184989.0,88809.0,2102010.0,1931953.0,1522135.0,1135502.0,2,0,4,0,1,0,,,,2,0,2
Monaco,MCO,1,2,1961.7854,18.065657,0,0.0,3,97847.36,185829.0,7188238000.0,2,0.0,2,1549.3671,11.994949,0.06439394,36990.0,1599.0,2211.0,2292.0,2094.0,2662.0,3531.0,3488.0,3275.0,2903.0,12406.0,11648.0,0.0,38964.0,2,0,4,0,1,0,,,,3,0,2
Mongolia,MNG,2,2,165252.2,481.1351,2,253594.55,4,4355201.5,4295.0,13852850000.0,0,0.0,4,9895.449,1150.4836,2.6515152,161033.0,737475.0,500443.0,500016.0,564280.0,423046.0,314052.0,158362.0,59889.0,20729.0,1663253.0,1615039.0,1014541.0,2210626.0,2,0,4,2,3,1,,,,3,0,2
Montenegro,MNE,,,70017.586,988.09595,,,,,8832.0,5494737000.0,,,,,291.19446,3.3863637,53296.0,74464.0,77613.0,79498.0,90519.0,82794.0,82291.0,75972.0,38778.0,20253.0,314470.0,307712.0,204372.0,417765.0,,,,,,,,,,,,
Montserrat,MSR,,,27.646465,0.885101,,,,,,,,,,,0.20580809,0.0025252525,537257.0,578.0,648.0,1085.0,892.0,915.0,662.0,340.0,152.0,73.0,2678.0,2667.0,,,,,,,,,,,,,,
Morocco,MAR,2,1,435462.72,6912.77,0,362318.84,3,30688354.0,3204.0,118725280000.0,1,0.0,3,0.0,1466.2753,20.204546,3630439.0,6752615.0,6097196.0,5883278.0,5606356.0,4452432.0,3743784.0,2735019.0,1197078.0,442800.0,18593672.0,18316888.0,13496743.0,22975026.0,2,1,4,2,1,2,,,,2,0,2
Mozambique,MOZ,,,11830.86,134.8761,,39175.258,,944318.5,491.0,14934160000.0,,51546.39,,0.0,53.452408,0.5208556,195273.0,9717782.0,7595458.0,5294495.0,3588739.0,2289288.0,1400167.0,843662.0,420845.0,104999.0,16067200.0,15188235.0,19273930.0,11092106.0,,,,,,,,,,,,
Myanmar,MMR,2,1,182512.22,5983.163,2,85529.81,4,134557.7,1407.0,76085854000.0,1,331.58093,4,0.0,749.94696,24.468435,50371.0,9021261.0,9916644.0,9163081.0,8072999.0,7219970.0,5573219.0,3603964.0,1423030.0,415626.0,28189604.0,26220190.0,37371330.0,16674093.0,2,1,4,2,3,2,,,,3,0,2
Namibia,NAM,1,2,53976.727,1223.447,0,0.0,3,746889.1,4957.0,12366527000.0,0,0.0,1,2063.7563,198.59091,5.0631313,195266.0,654526.0,526434.0,472709.0,356847.0,237557.0,150334.0,87461.0,41131.0,13917.0,1309233.0,1231683.0,1221272.0,1273258.0,2,0,3,0,0,2,,,,3,0,1
Nauru,NRU,,,0.0,0.0,,,,,9396.0,118223430.0,,,,,0.0,0.0,571804.0,2210.0,1830.0,1547.0,1941.0,1191.0,885.0,499.0,118.0,22.0,5460.0,4785.0,0.0,12581.0,,,,,,,,,,,,
Nepal,NPL,2,1,362002.5,4664.0947,1,37.53091,4,0.0,1071.0,30641381000.0,1,1818.1818,2,0.0,1234.0657,15.08207,184633.0,5462983.0,6120130.0,5886374.0,3792742.0,3045653.0,2307700.0,1488078.0,811535.0,221613.0,15788373.0,13348435.0,22843196.0,5765513.0,2,1,4,2,3,1,,,,2,0,1
Netherlands,NLD,,,11070.397,106.79137,,454100.84,,74771500.0,48779.383,140316640000.0,,913983.1,,331593.34,74.26032,0.24430859,1143908.1,24580.107,27505.643,30336.63,29028.074,30840.043,34498.13,28783.043,21075.861,11081.434,119757.63,117971.53,1408121.0,15924729.0,,,,,,,NB,North Brabant,,,,
New Caledonia,NCL,,,3622.365,53.405304,,,,,,,,,,,71.116165,0.3800505,3407643.0,41314.0,43203.0,43192.0,41491.0,40823.0,34951.0,22795.0,13303.0,4419.0,141993.0,143498.0,83163.0,204637.0,,,,,,,,,,,,
New Zealand,NZL,0,2,5763.7734,24.968435,2,500384.06,2,19363886.0,42084.0,206928770000.0,1,0.0,4,30215.19,280.62595,0.07954545,556706.0,615284.0,624953.0,671235.0,619066.0,591874.0,628691.0,522312.0,361832.0,186986.0,2452070.0,2370163.0,658140.0,4258860.0,2,0,0,0,0,0,,,,2,0,0
Nicaragua,NIC,,,5791.867,140.86995,,0.0,,0.0,1912.0,12520915000.0,,0.0,,135501.36,17.720959,0.2840909,2408876.5,144380.28,140501.22,133024.11,120142.72,86364.5,57427.555,40382.723,17489.555,9400.611,379871.06,369242.16,2699365.0,3846137.0,,,,,,,,,,,,
Niger,NER,0,0,3639.129,135.51137,0,261167.52,3,431355.94,554.0,12928145000.0,0,0.0,2,0.0,11.060606,0.38762626,192786.0,8758026.0,5901125.0,3717357.0,2259015.0,1528694.0,1046850.0,644749.0,295959.0,54861.0,12036471.0,12170165.0,19460484.0,3850231.0,2,0,0,0,0,0,,,,3,0,0
Nigeria,NGA,1,2,115069.7,1557.0695,0,571590.4,3,6448703.5,2229.0,448120420000.0,0,57432430.0,2,381226.06,321.47223,3.9671717,192787.0,63852440.0,47703190.0,33177420.0,24368050.0,17037460.0,10700171.0,6258526.0,2623703.0,418626.0,101669950.0,104469640.0,98156650.0,102806940.0,2,0,3,0,0,2,,,,1,0,1
Niue,NIU,,,0.0,0.0,,,,,,,,,,,0.0,0.0,1558556.0,256.0,216.0,177.0,163.0,164.0,186.0,110.0,84.0,34.0,703.0,688.0,,,,,,,,,,,,,,
Norfolk Island,NFK,,,,,,,,,,,,,,,,,2574988.0,190.0,201.0,101.0,168.0,259.0,356.0,386.0,263.0,140.0,1124.0,938.0,,,,,,,,,,,,,,
North Korea,PRK,,,0.0,0.0,,,,,,,,,,,0.0,0.0,192734.0,3430371.0,3561229.0,3925716.0,3641894.0,3714316.0,3622786.0,2134683.0,1303959.0,443861.0,13170436.0,12608379.0,9718749.0,15947412.0,,,,,,,,,,,,
Northern Mariana Islands,MNP,,,654.75885,3.6767676,,,,,23258.0,1323000000.0,,,,,12.527778,0.03787879,306004.0,6179.0,8143.0,5702.0,3331.0,5887.0,7098.0,4189.0,1195.0,266.0,19704.0,22286.0,4744.0,52472.0,,,,,,,,,,,,
Norway,NOR,,,25488.453,571.72473,,47003.01,,35825770.0,75419.0,403336360000.0,,394989.7,,879928.3,300.53558,2.10101,4957268.5,119774.086,123364.5,139209.75,140791.08,140375.17,133399.0,110581.0,80773.75,43467.668,512413.6,519322.25,929678.0,4418218.0,,,,,,,,,,,,
Oman,OMN,2,1,160375.62,1905.7349,1,48242.5,4,35477370.0,15474.0,76983090000.0,2,0.0,3,0.0,484.6894,5.3636365,305138.0,832573.0,530304.0,1085543.0,1439820.0,684969.0,315600.0,142787.0,53058.0,21968.0,1736392.0,3370230.0,724209.0,4250777.0,2,0,4,0,3,0,,,,3,0,2
Pakistan,PAK,,,343543.53,13670.436,,337268.12,,13762962.0,1284.0,278221900000.0,,613406.3,,383141.75,887.50354,37.789673,919940.5,17894750.0,15046904.0,13366454.0,10602972.0,7286019.5,5208156.0,3066651.8,1575292.0,494577.0,36103024.0,38438750.0,136637550.0,79927760.0,,,,,,,,,,,,
Palau,PLW,,,149.04785,0.14357683,,,,,15859.0,283994900.0,,,,,4.84131,0.007556675,571805.0,3217.0,4437.0,4722.0,4286.0,3960.0,3859.0,2245.0,1046.0,665.0,13759.0,14679.0,3517.0,14491.0,,,,,,,,,,,,
Palestine,PSE,2,1,212216.06,2178.6135,0,0.0,0,0.0,3198.0,14615900000.0,0,1724.138,4,0.0,820.6705,7.016414,,1364528.0,1109493.0,965725.0,664296.0,448140.0,297318.0,151853.0,77835.0,22228.0,2514445.0,2586971.0,1103858.0,3581448.0,2,2,4,2,3,2,,,,1,0,1
Panama,PAN,,,266329.5,4166.7993,,929310.4,,2867273.5,15731.0,66800800000.0,,0.0,,0.0,954.6528,10.224748,5185979.0,108547.64,101362.36,94473.36,85785.79,77096.57,59863.715,38927.785,21685.715,12026.071,298749.66,301019.5,1356355.0,2890084.0,,,,,,,,,,,,
Papua New Guinea,PNG,2,2,10543.771,140.37373,2,34246.574,3,2828767.0,2845.0,24969611000.0,0,0.0,2,0.0,52.299244,0.8055556,307866.0,2150348.0,1917883.0,1554184.0,1220537.0,938384.0,629119.0,372086.0,136655.0,27831.0,4378955.0,4568072.0,7613275.0,1162834.0,2,1,3,0,0,1,,,,2,0,2
Paraguay,PRY,,,214031.34,6486.677,,521479.6,,8792531.0,5414.0,38145290000.0,,0.0,,9020.618,811.3295,23.260101,556302.6,149338.05,143914.0,142598.38,120182.734,79080.58,59307.633,43188.895,22947.422,9757.579,379804.6,390510.47,2685486.0,4359150.0,,,,,,,,,,,,
Peru,PER,,,8934.644,818.0352,,850253.25,,21140068.0,6977.0,226848050000.0,,0.0,,30614.695,32.997578,2.038336,2060635.6,8112.505,7947.246,7724.97,6911.8,5776.504,4375.436,2913.846,1701.3141,904.42346,23563.062,22804.982,7120114.0,25390340.0,,,,,,,ANC,Áncash,,,,
Philippines,PHL,,,25672.049,492.2115,,1173174.9,,43714804.0,3485.0,376795500000.0,,0.0,,2394132.8,133.37009,2.153384,1317513.8,641652.7,604098.4,524202.22,415267.5,329077.0,242022.55,144489.19,63910.71,22724.402,1490941.6,1522248.0,57140710.0,50975904.0,,,,,,,00,National Capital Region,,,,
Pitcairn Islands,PCN,,,0.0,0.0,,,,,,,,,,,0.0,0.0,2185375.0,,,,,,,,,,,,,,,,,,,,,,,,,
Poland,POL,,,186753.97,4593.1865,,570000.8,,156088540.0,13934.728,84799100000.0,,0.0,,652847.6,86.57937,1.7475258,1283298.6,457351.0,439879.53,553910.6,714251.0,632738.75,558055.6,609266.25,313380.6,194905.06,2308853.5,2164885.0,15174300.0,22796574.0,,,,,,,14,Mazovia,,,,
Portugal,PRT,,,302088.3,4628.4844,,35738.535,,85894510.0,23142.75,60126840000.0,,0.0,,308082.6,1930.2694,13.169364,3001337.8,224303.75,265773.75,271508.75,315469.75,394123.25,369730.25,321731.75,241149.0,165364.0,1356062.8,1213091.5,3515838.0,6753579.0,,,,,,,,,,,,
Puerto Rico,PRI,2,2,110351.95,1651.9924,2,626033.7,3,3668709.2,32873.0,104988600000.0,1,0.0,3,0.0,598.51514,5.212121,4422604.0,240324.0,394666.0,288753.0,331517.0,399244.0,414184.0,361025.0,273681.0,157446.0,1505322.0,1355518.0,205163.0,2988531.0,2,0,3,0,3,2,,,,3,0,2
Qatar,QAT,2,2,155655.03,328.8043,0,0.0,2,37851590.0,64781.0,183466210000.0,2,0.0,3,0.0,451.72223,0.8459596,305095.0,270536.0,228400.0,717371.0,846180.0,461800.0,254161.0,81796.0,16725.0,4091.0,715925.0,2165135.0,22996.0,2809071.0,2,1,4,1,1,1,,,,3,0,1
Republic of the Congo,COG,1,0,8837.402,137.14142,0,880.74243,3,11452273.0,2011.0,10820592000.0,0,0.0,2,21455.94,30.328283,0.47727272,192794.0,1592335.0,1257964.0,874261.0,680079.0,535814.0,327892.0,164737.0,69397.0,15613.0,2761414.0,2756678.0,1755498.0,3625010.0,2,0,3,0,0,2,,,,1,0,1
Romania,ROU,,,39877.793,21897.758,,2620519.0,,6821111.0,12390.0,241475760000.0,,0.0,,1041.7075,176.13853,78.202515,1845179.2,106847.266,112002.18,113952.82,145187.44,162673.88,130889.53,135146.47,78315.53,48060.824,527647.75,505428.2,8887751.0,10468793.0,,,,,,,,,,,,
Russia,RUS,,,111271.1,2738.3647,,5017191.5,,6712862.0,11584.0,1699876600000.0,,1703.5775,,484944.66,540.12775,11.835136,173965.47,444679.66,364609.0,375476.06,591932.3,491215.44,456572.22,449597.7,204112.67,137405.2,1901379.9,1614220.4,36689650.0,107683890.0,,,,,,,,,,,,
Rwanda,RWA,2,2,36345.207,445.09595,2,27699.469,3,273353.53,801.0,10122472000.0,1,0.0,2,0.0,163.56439,1.8409091,171496.0,3561023.0,2905795.0,2211043.0,1812554.0,1070094.0,728447.0,445154.0,174817.0,43282.0,6584778.0,6367431.0,10440846.0,2186104.0,2,1,3,0,1,2,,,,3,0,2
Réunion,REU,,,32233.27,151.38762,,,,,,,,,,,381.51767,0.84090906,1785276.0,132392.0,138862.0,118272.0,99451.0,117326.0,125415.0,90557.0,47534.0,25499.0,462007.0,433301.0,,,,,,,,,,,,,,
Saint Helena,SHN,,,0.0,0.0,,,,,,,,,,,0.0,0.0,4868269.0,228.0,255.0,306.0,145.0,446.0,484.0,345.0,222.0,145.0,1216.0,1361.0,,,,,,,,,,,,,,
Saint Kitts and Nevis,KNA,,,837.59216,6.1313133,,,,,19896.0,1050992600.0,,,,,6.982323,0.053030305,536899.0,8554.0,8458.0,5438.0,9689.0,9470.0,9136.0,6486.0,2500.0,1316.0,30759.0,30289.0,36554.0,16269.0,,,,,,,,,,,,
Saint Lucia,LCA,,,4704.0317,80.992424,,,,,11611.0,2122450700.0,,,,,28.698233,0.45454547,550728.0,21812.0,24335.0,32816.0,28447.0,25517.0,23375.0,14555.0,8357.0,4415.0,93207.0,90422.0,148510.0,34280.0,,,,,,,,,,,,
Saint Vincent and the Grenadines,VCT,,,1873.1364,18.332071,,,,,7463.0,825385200.0,,,,,10.5,0.13383839,550725.0,15947.0,17428.0,17502.0,15711.0,14484.0,13590.0,9176.0,4503.0,2606.0,54729.0,56218.0,52404.0,58185.0,,,,,,,,,,,,
Samoa,WSM,,,2.22601,0.0,,,,,4315.0,850655040.0,,,,,0.041666668,0.0,1872673.0,51123.0,41998.0,31295.0,22012.0,19560.0,16470.0,9960.0,4580.0,1412.0,95707.0,102703.0,161509.0,35588.0,,,,,,,,,,,,
San Marino,SMR,1,2,3595.9382,63.46717,2,18947.723,3,0.0,48481.0,1637931000.0,1,0.0,1,0.0,18.291666,0.14141414,54624.0,3098.0,3625.0,3766.0,3664.0,4693.0,5377.0,3802.0,2811.0,2121.0,17019.0,15936.0,891.0,32969.0,2,0,4,0,1,0,,,,2,0,1
Saudi Arabia,SAU,2,2,352453.4,5351.1855,1,243525.31,3,58054664.0,23139.0,792966860000.0,2,916230.4,3,657216.5,942.5164,11.368687,307584.0,5956216.0,4860281.0,5354760.0,6980363.0,6408789.0,3216572.0,1373521.0,493856.0,169509.0,14682559.0,20131308.0,5460690.0,28807838.0,2,0,3,0,3,0,,,,3,0,1
Senegal,SEN,0,2,34293.54,833.24493,0,178726.27,3,3330303.0,1446.0,23578083000.0,0,0.0,3,4810.1265,108.24369,2.4747474,192775.0,5032581.0,3863702.0,2823534.0,2051292.0,1331828.0,834700.0,505764.0,239182.0,61347.0,8573145.0,8170785.0,8530658.0,7765706.0,2,0,0,0,1,0,,,,3,0,0
Serbia,SRB,2,2,504675.6,4674.0024,1,385510.4,3,0.0,7402.0,51409166000.0,2,0.0,1,0.0,2423.3926,19.376263,1741311.0,654145.0,694332.0,804338.0,958562.0,971473.0,944645.0,1021979.0,595246.0,319044.0,3570953.0,3392811.0,3037732.0,3907243.0,2,0,4,0,1,1,,,,3,0,2
Seychelles,SYC,2,2,8975.951,40.50505,0,5853709.0,3,86925.19,17401.0,1698843000.0,2,0.0,3,0.0,49.781567,0.20580809,536765.0,15933.0,13866.0,13431.0,14486.0,14873.0,12977.0,7909.0,3205.0,1660.0,47901.0,50439.0,41863.0,55762.0,2,0,4,0,1,2,,,,2,0,0
Sierra Leone,SLE,,,623.38275,14.808855,,6303.237,,12776.831,504.0,3941474300.0,,0.0,,0.0,2.1722353,0.036585364,192777.0,2225885.0,1867196.0,1405514.0,1017050.0,672894.0,419133.0,234025.0,108809.0,26479.0,3995746.0,3981239.0,4493849.0,3319366.0,,,,,,,N,Northern Province,,,,
Singapore,SGP,1,2,96008.375,153.16414,2,9475.465,4,120531610.0,65233.0,372062520000.0,2,0.0,3,0.0,992.2033,1.324495,536780.0,479037.0,505794.0,833058.0,896615.0,964873.0,946222.0,799325.0,289634.0,135785.0,2788086.0,3062257.0,0.0,5703569.0,2,0,4,0,1,1,,,,3,0,2
Sint Maarten,SXM,,,2224.6958,32.44823,,,,,,,,,,,12.08207,0.10732323,1231790.0,3956.0,3769.0,4453.0,3269.0,3883.0,5744.0,3972.0,1495.0,330.0,15660.0,15212.0,0.0,40733.0,,,,,,,,,,,,
Slovakia,SVK,,,288757.9,6623.3384,,463100.88,,20618936.0,19470.0,105870730000.0,,0.0,,0.0,1885.5846,23.52399,346716.0,584354.0,538465.0,682622.0,862769.0,834209.0,708297.0,685186.0,375006.0,179513.0,2789344.0,2661077.0,2523654.0,2930419.0,,,,,,,,,,,,
Slovenia,SVN,,,185778.92,2788.7502,,0.0,,11842932.0,26078.0,53990687000.0,,0.0,,20930.404,1133.5524,7.9092054,1320543.6,32772.77,29775.076,33326.152,44907.23,46720.92,46715.23,42535.54,26304.77,17082.0,160346.47,159793.23,943292.0,1144654.0,,,,,,,,,,,,
Solomon Islands,SLB,1,0,217.1048,2.60101,0,0.0,0,101590.11,2127.0,1425074200.0,0,0.0,3,0.0,9.25,0.14015152,1857436.0,196170.0,148825.0,111830.0,82050.0,68670.0,40695.0,22978.0,11993.0,3667.0,337616.0,349262.0,507659.0,162164.0,2,0,0,1,0,0,,,,1,0,0
Somalia,SOM,1,1,9915.832,496.07324,0,0.0,3,8532.423,,,0,0.0,1,0.0,33.271465,1.7020202,192799.0,5215364.0,3937590.0,2693876.0,1534404.0,1053894.0,733972.0,462790.0,210107.0,51222.0,7969132.0,7924087.0,8408044.0,7034861.0,2,0,3,0,0,1,,,,3,0,1
South Africa,ZAF,,,76471.01,3468.4077,,52727.164,,99622260.0,6001.0,351431660000.0,,0.0,,0.0,246.40504,11.6862545,309356.06,1563585.4,1429425.5,1404686.9,1363337.6,962108.9,673238.25,438764.4,201384.06,62499.934,4096674.8,4002356.2,19408552.0,39149716.0,,,,,,,KZN,KwaZulu-Natal,,,,
South Georgia and the South Sandwich Islands,SGS,,,,,,,,,,,,,,,,,1983628.0,,,,,,,,,,,,,,,,,,,,,,,,,
South Korea,KOR,,,69507.73,689.14453,,6151964.0,,460450800.0,31761.0,1642383300000.0,,103878.586,,3039616.5,1627.2699,4.3934426,2230002.8,643253.44,707276.06,997096.44,1049419.5,1202104.9,1233199.0,943692.75,526680.6,275477.22,3823583.8,3754616.0,9602379.0,42106720.0,,,,,,,,,,,,
South Sudan,SSD,2,1,6750.423,75.753784,0,12794.626,3,0.0,1119.0,11997800000.0,0,0.0,2,0.0,21.463385,0.1729798,1656678.0,3245682.0,2581901.0,1962952.0,1334153.0,896837.0,595525.0,344937.0,182626.0,49116.0,5590715.0,5603014.0,8860863.0,2201250.0,2,0,3,0,0,2,,,,2,0,0
Spain,ESP,,,17646.936,1132.6647,,7093418.5,,52061.395,27664.857,132984816000.0,,0.0,,33871.95,92.50574,2.5397673,360396.62,80577.21,88460.73,88122.77,113948.21,142658.05,126510.55,95186.79,69621.69,52105.105,436753.22,420437.8,9149372.0,37927410.0,,,,,,,CT,Cataluña,,,,
Sri Lanka,LKA,2,2,186063.77,3907.9116,2,242386.05,4,1631403.5,3853.0,84008780000.0,0,245376.81,2,196774.19,818.6995,20.564394,536807.0,3350035.0,3386220.0,2901857.0,2820021.0,2881105.0,2554818.0,2013196.0,1146337.0,359661.0,11145899.0,10267351.0,17750912.0,4052088.0,2,0,4,2,3,1,,,,3,0,0
Sudan,SDN,,,16057.201,1705.4028,,84574.47,,10638.298,441.0,18902284000.0,,0.0,,127713.92,61.180557,4.939394,192789.0,12128806.0,10123657.0,7627158.0,5203245.0,3727319.0,2552951.0,1535960.0,733051.0,217122.0,21941974.0,21907296.0,27856004.0,14957233.0,,,,,,,,,,,,
Suriname,SUR,2,1,17928.809,375.9091,0,101398.87,4,278834.94,6854.0,3985250800.0,1,0.0,4,0.0,98.93056,1.6628788,287082.0,104831.0,102231.0,95772.0,82786.0,72724.0,64828.0,36928.0,18685.0,7849.0,291812.0,294822.0,197114.0,384258.0,2,0,4,0,3,2,,,,2,0,2
Svalbard and Jan Mayen,SJM,,,,,,,,,,,,,,,,,3245620.0,346.0,257.0,517.0,734.0,611.0,476.0,161.0,17.0,3.0,1391.0,1731.0,,,,,,,,,,,,,,
Swaziland,SWZ,2,1,20143.39,524.0,1,10563.923,4,6366717.0,3837.0,4405405700.0,0,68027.21,1,17398.016,87.44697,1.7563131,88210.0,286620.0,277018.0,212887.0,161329.0,104399.0,51717.0,36522.0,22585.0,7087.0,589928.0,570236.0,872797.0,275333.0,2,1,3,2,3,2,,,,2,0,1
Sweden,SWE,,,62052.9,1176.7826,,1092507.9,,13741025.0,49661.145,248557270000.0,,241629.7,,12563.452,293.56522,3.4464831,134475.14,111291.5,105025.73,121736.41,121001.91,117678.18,116948.0,101177.13,87556.59,47418.363,462441.88,467392.0,1264288.0,9021165.0,,,,,,,,,,,,
Switzerland,CHE,,,43775.977,517.98724,,7252212.0,,119847250.0,81993.0,703082460000.0,,546548.8,,493985.34,286.96027,1.2664872,1577802.5,64309.926,62316.594,77980.22,90014.516,89217.19,94953.93,69001.85,52270.594,32863.11,319067.12,313860.8,2242404.0,6332428.0,,,,,,,,,,,,
Syria,SYR,2,1,17903.547,1126.577,0,52721.09,0,0.0,,,0,0.0,1,0.0,69.121216,3.8914142,184840.0,3635903.0,3325125.0,3099983.0,2907193.0,1928901.0,1285346.0,822365.0,355547.0,140294.0,8740592.0,8760065.0,7712116.0,9358019.0,2,0,3,2,3,0,,,,1,0,2
São Tomé and Príncipe,STP,,,1842.9066,27.320707,,,,,1994.0,429016600.0,,,,,7.4987373,0.09090909,535880.0,62411.0,54109.0,33625.0,26631.0,18680.0,12780.0,7082.0,2764.0,1079.0,109486.0,109675.0,56779.0,158277.0,,,,,,,,,,,,
Taiwan,TWN,,,4540.996,309.1541,,1194543.8,,83836160.0,,,,0.0,,2208.298,24.002048,1.4964912,2586902.0,2052886.0,2188811.0,3120354.0,3548586.0,3787843.0,3659218.0,3101014.0,1488800.0,869263.0,11982462.0,11834313.0,,,,,,,,,,Chiayi,,,,
Tajikistan,TJK,0,0,10970.462,79.344696,0,511.88812,3,4470.826,870.0,8116627000.0,0,0.0,3,0.0,22.457071,0.15782829,214626.0,2577610.0,1788367.0,1648522.0,1390331.0,882399.0,700890.0,387890.0,117606.0,44027.0,4731904.0,4805738.0,6775541.0,2545477.0,2,0,0,0,1,0,,,,1,0,0
Tanzania,TZA,0,0,6281.6816,168.46338,0,519714.1,2,0.0,1122.0,63177070000.0,0,0.0,1,0.0,42.449493,1.0075758,195270.0,18362316.0,14089042.0,9846249.0,7161928.0,4820727.0,2926635.0,1622800.0,741236.0,163280.0,29883104.0,29851108.0,37993576.0,20011884.0,1,0,0,0,0,0,,,,0,0,0
Thailand,THA,,,30318.94,306.14423,,32075084.0,,275275700.0,7808.0,543650000000.0,,0.0,,2411492.0,206.76027,1.7197561,1964270.0,7439832.0,8492311.0,9630308.0,9229727.0,10914257.0,10681394.0,7624356.0,3866568.0,1921225.0,35833920.0,33966060.0,34330984.0,35294600.0,,,,,,,,,,,,
Togo,TGO,2,2,10745.536,103.3548,2,1731.1362,4,1128408.6,675.0,5459979300.0,1,0.0,2,0.0,46.479797,0.34343433,192782.0,2340181.0,1914996.0,1375261.0,1064557.0,744517.0,450714.0,255937.0,111493.0,21081.0,4159332.0,4119404.0,4667728.0,3414638.0,2,0,3,2,0,0,,,,2,0,2
Tokelau,TKL,,,0.0,0.0,,,,,,,,,,,0.0,0.0,2186600.0,231.0,295.0,229.0,148.0,162.0,138.0,76.0,28.0,11.0,683.0,634.0,,,,,,,,,,,,,,
Tonga,TON,1,1,7.344697,0.0,0,0.0,0,0.0,4364.0,450353300.0,0,0.0,4,0.0,0.81439394,0.0,2186665.0,24639.0,23522.0,17140.0,12183.0,10290.0,8701.0,5303.0,2791.0,1128.0,52793.0,52904.0,80349.0,24145.0,2,0,3,0,1,2,,,,1,0,0
Trinidad and Tobago,TTO,2,2,25028.002,704.2639,0,45980.99,4,859271.6,17276.0,24100202000.0,1,0.0,4,0.0,162.48863,4.5921717,555717.0,184451.0,185810.0,183002.0,242861.0,191442.0,175062.0,135893.0,73654.0,27316.0,708544.0,690947.0,653029.0,741944.0,2,1,4,0,3,0,,,,1,0,2
Tunisia,TUN,2,1,295560.44,9924.381,2,63275.38,3,1548387.1,3317.0,38797710000.0,1,0.0,2,0.0,1263.2803,35.17298,192757.0,2017759.0,1639938.0,1725346.0,1914064.0,1572471.0,1361506.0,962594.0,424106.0,200834.0,5957866.0,5860752.0,3595658.0,8099061.0,2,0,4,0,2,2,,,,1,0,1
Turkey,TUR,2,2,3683753.2,32440.236,0,0.0,4,27284716.0,9042.0,754411700000.0,2,8503.401,1,0.0,17998.3,119.981064,174737.0,12843906.0,12764690.0,12823598.0,12909225.0,11156733.0,8873665.0,6058068.0,3119472.0,1454525.0,40863904.0,41139980.0,20331796.0,63097816.0,2,1,0,2,2,2,,,,2,0,2
Turkmenistan,TKM,2,0,0.0,0.0,0,0.0,3,0.0,6966.0,40761143000.0,0,0.0,4,0.0,0.0,0.0,223026.0,1332930.0,1008743.0,1009791.0,957885.0,697821.0,535459.0,334444.0,103458.0,50656.0,3061877.0,2969310.0,2849351.0,3092738.0,2,0,0,2,1,0,,,,1,0,3
Turks and Caicos Islands,TCA,,,1665.2386,11.979798,,,,,27142.0,1022312000.0,,,,,7.4078283,0.045454547,547479.0,6702.0,6029.0,6716.0,8648.0,8988.0,5173.0,2278.0,940.0,525.0,22841.0,23158.0,2536.0,35655.0,,,,,,,,,,,,
Tuvalu,TUV,,,0.0,0.0,,,,,4059.0,47271464.0,,,,,0.0,0.0,2177266.0,2536.0,2087.0,2310.0,1858.0,971.0,1178.0,862.0,323.0,111.0,6178.0,6057.0,4284.0,7362.0,,,,,,,,,,,,
Uganda,UGA,2,1,52315.137,1078.6578,0,11553663.0,3,735411.3,776.0,34387230000.0,0,0.0,1,6385.696,206.29167,4.530303,192796.0,14855952.0,11449424.0,7872675.0,5101100.0,3133404.0,1852435.0,974325.0,411998.0,89687.0,23194412.0,22546588.0,33485078.0,10784516.0,2,1,2,2,3,2,,,,1,0,2
Ukraine,UKR,,,112570.39,2575.1577,,5887132.0,,7349960.0,3659.0,153781080000.0,,0.0,,301174.22,488.92642,10.682819,102397.96,4589511.0,4383517.0,4898491.0,7208958.0,6406404.0,5906737.0,5539856.0,2983430.0,1816855.0,23470612.0,20263148.0,13549456.0,30835700.0,,,,,,,,,,,,
United Arab Emirates,ARE,2,2,362575.06,1088.452,2,0.0,3,408458240.0,43103.0,421142270000.0,0,0.0,2,6648.936,1112.9697,2.905303,307763.0,1011713.0,842991.0,2149343.0,3169314.0,1608109.0,797913.0,242707.0,55884.0,12426.0,3054051.0,6836349.0,1290785.0,8479744.0,2,0,4,1,1,0,,,,3,0,1
United Kingdom,GBR,,,98860.06,18291.19,,8041082.5,,305063940.0,40262.844,349069770000.0,,531254.44,,4172054.0,529.1306,44.03118,385895.78,174551.48,163704.48,191624.39,195730.94,182888.27,193747.62,151850.64,119263.05,71407.37,731410.44,713357.8,10926089.0,55908316.0,,,,,,,ENG,England,,,,
United States Minor Outlying Islands,UMI,,,,,,,,,,,,,,,,,2185386.0,,,,,,,,,,,,,,,,,,,,,,,,,
United States Virgin Islands,VIR,1,2,3521.9104,33.200756,0,0.0,3,0.0,35938.0,3855000000.0,1,0.0,1,0.0,19.457071,0.13762626,286898.0,12868.0,14018.0,12731.0,9731.0,11766.0,14449.0,14021.0,10901.0,3938.0,54822.0,49601.0,4444.0,102187.0,2,0,3,0,2,1,,,,3,0,1
United States of America,USA,,,25257.375,431.8515,,33406466.0,,425856540.0,65118.0,21374419000000.0,,174289.5,,1153171.8,102.20726,1.2550834,1602910.4,38858.88,40591.555,44160.266,42666.703,38955.63,40862.574,36411.875,22288.635,12272.411,161011.97,156056.56,57576496.0,270663040.0,,,,,,,TX,Texas,,,,
Uruguay,URY,,,175987.52,2375.1768,,5050.505,,1548658.9,16190.0,56045912000.0,,0.0,,3401.3606,1069.2778,8.844697,1638427.6,46504.05,47495.4,49985.35,45090.05,44500.65,38100.5,31937.15,21423.35,14951.95,176159.3,163829.3,158340.0,3303394.0,,,,,,,,,,,,
Uzbekistan,UZB,1,0,88272.55,639.64014,2,269083.3,3,3040166.5,1724.0,57921286000.0,1,0.0,3,529.0323,298.95328,2.066919,196240.0,6713724.0,5460854.0,5946987.0,5577195.0,3930500.0,3068761.0,1939628.0,572150.0,259400.0,16772280.0,16696918.0,16644921.0,16935728.0,2,0,3,0,1,0,,,,1,0,0
Vanuatu,VUT,0,2,2.2058082,0.0,0,21043.771,0,65481.48,3058.0,917058900.0,0,0.0,4,0.0,0.022727273,0.0,2177246.0,80885.0,66926.0,50768.0,41003.0,29192.0,20545.0,11437.0,4838.0,1556.0,151460.0,155690.0,223730.0,76152.0,2,0,0,0,0,0,,,,1,0,0
Vatican City,VAT,,,19.507576,0.0,,,,,,,,,,,0.032828283,0.0,36989.0,1603.0,1179.0,1196.0,1236.0,1329.0,1348.0,1253.0,1189.0,661.0,4208.0,6788.0,,,,,,,,,,,,,,
Venezuela,VEN,,,16171.146,1997.5834,,16863.41,,0.0,,,,0.0,,260078.02,64.9509,7.1224747,1110155.2,435043.3,430998.6,375458.4,352867.84,295733.97,251390.69,161990.92,79341.12,33660.24,1219830.5,1196654.5,3353461.0,25162368.0,,,,,,,,,,,,
Vietnam,VNM,2,2,358332.5,6637.586,1,145.08417,3,17222222.0,2715.0,261921240000.0,0,673.48486,4,69.543816,4906.0996,51.195705,49915.0,15478572.0,13599043.0,15389496.0,16200924.0,13572962.0,11109968.0,7342687.0,2778472.0,1866459.0,48740330.0,48598256.0,61129970.0,35332140.0,2,2,3,2,2,2,,,,3,0,2
Wallis and Futuna,WLF,,,201.46843,2.9078283,,,,,,,,,,,0.5719697,0.0088383835,3412448.0,,,,,,,,,,,,,,,,,,,,,,,,,
Western Sahara,ESH,,,,,,,,,,,,,,,,,2559126.0,112594.0,98369.0,104985.0,108715.0,82794.0,51951.0,28374.0,7612.0,1936.0,285070.0,312260.0,,,,,,,,,,,,,,
Yemen,YEM,0,0,4383.172,905.26514,0,35279.418,1,0.0,968.0,27591262000.0,0,0.0,3,0.0,14.862373,2.695707,305092.0,8033408.0,6750274.0,5732746.0,4140438.0,2362804.0,1422835.0,879450.0,403471.0,100542.0,14800983.0,15024985.0,18292400.0,10869523.0,1,0,0,1,0,2,,,,1,0,0
Zambia,ZMB,1,0,92950.46,1444.9242,1,64666.695,3,1605972.2,1291.0,23064723000.0,0,40404.04,2,0.0,395.6995,4.996212,195271.0,5663542.0,4550181.0,3180383.0,2185194.0,1413889.0,761259.0,403835.0,179965.0,45708.0,9280950.0,9103006.0,9989317.0,7871713.0,2,0,3,0,0,0,,,,1,0,2
Zimbabwe,ZWE,2,1,57595.297,1761.0682,0,0.08650519,3,2217538.0,1463.0,21440760000.0,0,6408.094,1,127551.02,300.6389,6.814394,195272.0,4308160.0,3559955.0,2482991.0,1867476.0,1257822.0,698089.0,425415.0,200358.0,62661.0,7770917.0,7092010.0,9928163.0,4717305.0,2,1,3,2,0,2,,,,3,0,1
