country_name,iso_3166_1_alpha_3,new_confirmed,new_deceased,cumulative_confirmed,cumulative_deceased,population_male,population_female,population_rural,population_urban,population_age_00_09,population_age_10_19,population_age_20_29,population_age_30_39,population_age_40_49,population_age_50_59,population_age_60_69,population_age_70_79,population_age_80_and_older,gdp_usd,gdp_per_capita_usd,openstreetmap_id,fiscal_measures,international_support,emergency_investment_in_healthcare,investment_in_vaccines
Afghanistan,AFG,25.472213141549528,1.1526960784313725,6890.005623471882,308.0594995517157,19976265.0,18952076.0,28244481.0,9797273.0,11088732.0,9821559.0,7035871.0,4534646.0,2963459.0,1840198.0,1057496.0,480455.0,105925.0,19101353832.0,502.0,1478767.0,0.0,260068.25938566553,424876.70648464165,148293.96325459317
Albania,ALB,343.21338383838383,4.386363636363637,88877.10606060606,1473.891414141414,1429594.0,1432833.0,1106598.0,1747593.0,319074.0,381542.0,474360.0,366807.0,339697.0,398271.0,315510.0,190753.0,52224.0,15278077446.0,5352.0,53292.0,923194.7846153846,0.0,45375.21815008726,9019.607843137255
Algeria,DZA,334.760101010101,8.646464646464647,104778.52904040404,2965.997474747475,22153808.0,21697235.0,11542954.0,31510100.0,9677490.0,6731747.0,6573715.0,7275235.0,5448619.0,3800056.0,2530542.0,1237834.0,575805.0,169988236398.0,3948.0,192756.0,1280025.8533094812,0.0,583184.2576028622,2167168.5422163587
American Samoa,ASM,0.2474747474747475,0.0,4.097222222222222,0.0,,,7109.0,48203.0,,,,,,,,,,636000000.0,11466.0,,,,,
Andorra,AND,48.41161616161616,0.19065656565656566,9930.20202020202,87.3800505050505,58625.0,55581.0,9269.0,67873.0,9370.0,12022.0,10727.0,12394.0,21001.0,20720.0,14433.0,8657.0,4881.0,3154057987.0,40886.0,9407.0,760847.2086206897,817787.780656304,4520.318965517241,0.0
Angola,AGO,124.67929292929293,2.398989898989899,27840.96212121212,658.4823232323232,16260870.0,16605398.0,10764270.0,21061025.0,10899168.0,7881779.0,5306037.0,3699729.0,2412735.0,1464602.0,785897.0,331729.0,84592.0,94635415869.0,2973.0,195267.0,15706.806282722513,0.0,419580.4195804196,114434.33029908972
Anguilla,AIA,3.226010101010101,0.011363636363636364,342.9646464646465,0.9053030303030303,7151.0,7971.0,,,2196.0,2146.0,2005.0,2081.0,2187.0,2214.0,1351.0,641.0,301.0,,,2177161.0,,,,
Antarctica,ATA,,,,,,,,,,,,,,,,,,,,2186646.0,,,,
Antigua and Barbuda,ATG,9.405303030303031,0.17045454545454544,1392.3964646464647,34.56691919191919,47269.0,50659.0,73318.0,23800.0,14583.0,13867.0,14894.0,14094.0,13860.0,12832.0,8043.0,4101.0,1654.0,1727759259.0,17790.0,536900.0,,,,
Argentina,ARG,79.90775128055184,1.1388905047808289,19054.352014745098,404.69306557833795,108244.92051756008,114178.6876155268,3599141.0,41339571.0,37251.06469500924,39061.7449168207,35654.78188539741,32031.0,24989.314232902034,21689.325323475045,16157.611829944548,10077.308687615527,5509.881700554529,449663446954.0,10006.0,1862946.296875,26373571.588532884,0.0,341668.21247892076,127713.9208173691
Armenia,ARM,531.5757575757576,10.752525252525253,157383.523989899,3155.7449494949497,1393747.0,1569487.0,1087883.0,1869848.0,418859.0,368930.0,408924.0,503953.0,353088.0,362653.0,328402.0,126743.0,91682.0,13672802157.0,4622.0,364066.0,,,,
Aruba,ABW,42.53030303030303,0.26641414141414144,8623.835858585859,75.16161616161617,50642.0,56124.0,60019.0,46295.0,11757.0,14010.0,14980.0,11244.0,14271.0,17205.0,13754.0,6958.0,2587.0,3056424581.0,29007.0,1231749.0,467641.99655765924,0.0,0.0,0.0
Australia,AUS,947.9020854903121,1.5555236316621175,49528.05696656622,231.33763811163726,2607591.777777778,2649692.888888889,3519551.0,21844756.0,681124.0,646130.5555555555,697523.6666666666,765151.4444444445,681349.0,641479.7777777778,547550.2222222222,380363.0,216613.33333333334,1392680589329.0,54907.0,2078229.5555555555,380329123.0339559,1310562.4254237288,6558739.668358714,5923463.1700251885
Austria,AUT,111.88495990001041,0.562050828038746,15507.79771638371,195.16810748880326,609191.3125,630446.0625,3682651.0,5194416.0,120012.5625,120180.875,161536.75,170821.6875,169302.875,191670.125,136694.125,108634.4375,60783.9375,91011764520.0,50810.8,268601.35576923075,103397821.33333333,8889.795918367347,0.0,1370.82702020202
Azerbaijan,AZE,994.8699494949495,11.960858585858587,243423.7436868687,3278.969696969697,5064664.0,5074511.0,4407153.0,5616165.0,1686038.0,1335458.0,1608985.0,1766692.0,1280803.0,1281076.0,804308.0,242762.0,133053.0,48047647058.0,4793.0,364110.0,1008781.5042016807,16806.722689075632,257983.19327731093,0.0
Bahamas,BHS,41.85606060606061,0.9734848484848485,10210.829545454546,243.71969696969697,191093.0,202155.0,65698.0,323784.0,53654.0,63795.0,66568.0,55457.0,56496.0,49222.0,29430.0,13645.0,4981.0,12827000000.0,32933.0,547469.0,643177.8929188256,0.0,34542.31433506045,2043.4227330779056
Bahrain,BHR,656.040404040404,1.8371212121212122,147561.6893939394,639.189393939394,1100474.0,601109.0,174063.0,1467109.0,218135.0,181855.0,306670.0,507733.0,256721.0,140231.0,66572.0,17818.0,5848.0,38574069148.0,23503.0,378734.0,20046923.653198652,0.0,799488.0546075086,0.0
Bangladesh,BGD,57.90321079571894,36.68939393939394,22043.074142896963,11688.325757575758,53372959.0,51606703.5,102058744.0,60987417.0,18282388.5,19423780.0,19618977.0,17023931.0,12989983.0,9472911.5,4564642.5,2493189.0,1109860.0,302571254131.0,1855.0,4357174.923076923,16088447.826086957,872173.9130434783,228243.07029876977,0.0
Barbados,BRB,70.1300505050505,0.398989898989899,7126.645202020202,59.84469696969697,139084.0,148287.0,197594.0,89431.0,30618.0,36512.0,37578.0,37124.0,39067.0,39936.0,33573.0,20154.0,12809.0,5209000000.0,18148.0,547511.0,1700336.7003367003,25.252525252525253,19551.14814814815,0.0
Belarus,BLR,1168.5795454545455,8.233585858585858,287347.23232323234,2198.60101010101,4399367.0,5049954.0,1983874.0,7482982.0,1143840.0,928883.0,1077802.0,1530348.0,1285401.0,1345791.0,1243251.0,525562.0,368443.0,63080457022.0,6663.0,59065.0,0.0,0.0,1417.662162162162,0.0
Belgium,BEL,809.0467045454545,38.186868686868685,148670.32602272727,17468.674242424244,940804.3333333334,968448.8333333334,224973.0,11259082.0,213793.5,214717.83333333334,236144.5,248094.0,251483.66666666666,265709.3333333333,221005.83333333334,150476.33333333334,107828.16666666667,90406394233.33333,45597.166666666664,425672.25,25332718.159932658,0.0,2763215.4882154884,34718.354430379746
Belize,BLZ,71.73737373737374,0.8207070707070707,12368.9898989899,236.48737373737373,197761.0,199860.0,211314.0,179039.0,78106.0,77850.0,75819.0,59715.0,43958.0,31810.0,17814.0,8311.0,4238.0,1879613600.0,4815.0,287827.0,42420.78364565588,21517.887563884156,0.0,0.0
Benin,BEN,33.55429292929293,0.2058080808080808,8482.48106060606,73.90656565656566,6054248.0,6068950.0,6153002.0,5648149.0,3596950.0,2779486.0,2061768.0,1436443.0,981832.0,650681.0,379183.0,184835.0,52020.0,14390709094.0,1219.0,192784.0,1065722.0016863407,7588.532883642496,82202.51939291737,0.0
Bermuda,BMU,14.597222222222221,0.1553030303030303,2204.97095959596,32.359848484848484,32322.0,34524.0,0.0,63918.0,7430.0,7680.0,8063.0,7719.0,7253.0,10229.0,9484.0,5676.0,3313.0,,,1993208.0,317251.724137931,0.0,4827.586206896552,0.0
Bhutan,BTN,17.828282828282827,0.007575757575757576,1410.8926767676767,1.1742424242424243,410087.0,361525.0,445554.0,317538.0,125828.0,135993.0,153314.0,138681.0,89604.0,59014.0,36908.0,22234.0,10036.0,2446674102.0,3243.0,184629.0,746646.1669505963,170.35775127768312,45119.96592844975,0.0
Bolivia,BOL,1128.503787878788,27.074494949494948,274036.81186868687,10326.467171717171,1178301.6,1177196.6,3480065.0,8033035.0,481515.8,463087.8,412422.7,333951.1,251296.6,175430.3,122760.5,75359.8,39673.4,40895322865.0,3552.0,1386962.1,2042757.8481675393,0.0,290835.88132635254,0.0
Bosnia and Herzegovina,BIH,469.50252525252523,19.5770202020202,129921.86363636363,5571.237373737374,1606609.0,1674206.0,1695856.0,1605144.0,295212.0,346275.0,403272.0,458385.0,447738.0,500182.0,463795.0,242498.0,123458.0,20047848434.0,6073.0,2528142.0,1101117.6470588236,0.0,27663.025210084033,12998.585572842998
Botswana,BWA,333.270202020202,3.3068181818181817,67265.29924242424,819.7323232323232,1139099.0,1212526.0,687147.0,1616550.0,539005.0,472033.0,402509.0,365289.0,261015.0,146583.0,104251.0,48558.0,12382.0,18340510789.0,7961.0,1889339.0,598992.2930153322,0.0,7921.635434412266,0.0
Bouvet Island,BVT,,,,,,,,,,,,,,,,,,,,2425963.0,,,,
Brazil,BRA,19.444165642065844,0.42221378136656784,6950.1397075362775,194.05362091311767,55452.88700766352,57927.80876849047,27807886.0,183241641.0,16436.9418998396,18926.06665478524,19724.765817144893,17959.54179290679,15133.001069328106,11696.89912671538,7517.853502049546,4018.7775797540544,1966.1374086615576,919880147373.5,838648.0,373497.4773699216,359805226.964684,0.0,283639666.94052047,192417.0322997416
British Indian Ocean Territory,IOT,,,,,,,,,,,,,,,,,,,,1993867.0,,,,
British Virgin Islands,VGB,7.690656565656566,0.07828282828282829,1074.45202020202,12.265151515151516,16553.0,18223.0,15581.0,14449.0,3946.0,3818.0,5242.0,5991.0,5357.0,4985.0,3310.0,1570.0,556.0,,,285454.0,,,,
Brunei,BRN,96.63383838383838,0.10858585858585859,3843.4545454545455,13.529040404040405,226987.0,210496.0,95574.0,337711.0,66355.0,65084.0,69696.0,76568.0,68003.0,50221.0,28513.0,9569.0,3474.0,13469422941.0,31086.0,2103120.0,532203.3898305085,0.0,13050.813242784381,0.0
Bulgaria,BGR,1385.4772727272727,45.0959595959596,288330.58585858584,11331.593434343435,3395701.0,3604338.0,1719734.0,5256027.0,670392.0,650000.0,727368.0,969414.0,1062720.0,946529.0,954084.0,680922.0,338610.0,66182565600.0,9440.0,1660416.2068965517,10674110.555938037,0.0,699963.4413793103,101014.10727969349
Burkina Faso,BFA,26.200757575757574,0.4734848484848485,8369.377525252525,129.36111111111111,10444713.0,10458565.0,14229029.0,6092349.0,6552188.0,5029543.0,3508065.0,2428033.0,1587133.0,977490.0,538877.0,234237.0,47712.0,15745810234.0,774.0,192783.0,0.0,134680.13468013468,25647.811447811448,0.0
Burundi,BDI,48.16919191919192,0.01893939393939394,7371.949494949495,5.373737373737374,5899864.0,5990917.0,9989403.0,1541177.0,3872447.0,2725292.0,2029581.0,1539547.0,747632.0,491974.0,339631.0,112129.0,32548.0,3012334881.0,261.0,195269.0,0.0,0.0,925.925925925926,0.0
Cambodia,KHM,165.87373737373738,3.8295454545454546,36030.169191919194,771.9065656565657,8162424.0,8556547.0,12561921.0,3924621.0,3530587.0,3100069.0,3117605.0,2889268.0,1429087.0,1387484.0,816776.0,352445.0,95650.0,27089389786.0,1643.0,49898.0,1093062.605752961,0.0,101351.35135135135,0.0
Cameroon,CMR,150.55555555555554,2.428030303030303,48209.381313131315,806.2689393939394,13277075.0,13268789.0,11135124.0,14741256.0,7846026.0,6176459.0,4551787.0,3399842.0,2141843.0,1288477.0,733299.0,332734.0,75397.0,38760467033.0,1497.0,192830.0,1702702.7027027027,0.0,173429.05405405405,0.0
Canada,CAN,123.12447573211922,1.4375853236774017,26857.027527930022,535.7704059078972,2642284.4285714286,2717526.0,6960780.0,30628482.0,567535.5714285715,570234.2857142857,711638.7142857143,742823.7142857143,687597.7142857143,738315.0,671959.3571428572,430807.5,238898.5,298185055091.5833,46194.0,396327.5833333333,33190333.76919291,145111.51162504614,3209998.2616372393,959145.2901742961
Cape Verde,CPV,70.5669191919192,0.5063131313131313,18976.246212121212,165.2171717171717,279117.0,276871.0,185906.0,364029.0,105076.0,99937.0,97845.0,98286.0,64906.0,47912.0,26373.0,9056.0,6597.0,1981845740.0,3603.0,535774.0,103616.73345259392,0.0,31652.397137745975,51185.212276214836
Caribbean Netherlands,BES,,,,,15971.0,15575.0,,,3788.0,3565.0,3771.0,4747.0,4191.0,5594.0,3259.0,1975.0,657.0,,,1216720.0,,,,
Cayman Islands,CYM,24.460858585858585,0.021464646464646464,1941.594696969697,2.835858585858586,37180.0,39213.0,0.0,64948.0,9182.0,8787.0,9727.0,10004.0,10819.0,11693.0,9471.0,4638.0,2072.0,5485419416.0,85477.0,2185366.0,,,,
Central African Republic,CAF,18.08080808080808,0.14267676767676768,6097.844696969697,64.10732323232324,2394042.0,2435722.0,2763121.0,1982064.0,1435609.0,1264608.0,839990.0,501335.0,339529.0,232596.0,139061.0,61506.0,15530.0,2220307368.0,467.0,192790.0,190289.199318569,0.0,0.0,0.0
Chad,TCD,9.162878787878787,0.2398989898989899,3052.625,114.79797979797979,8200170.0,8225689.0,12234603.0,3712273.0,5452549.0,4038728.0,2781017.0,1769646.0,1082831.0,654647.0,417349.0,180661.0,48431.0,11314951342.0,709.0,2361304.0,586797.6115843271,0.0,128290.88756388416,0.0
Chile,CHL,115.923644844003,1.881570605770398,20418.086770793223,504.412622988228,74148.87603305785,71090.81818181818,2341903.0,16610135.0,306997.0588235294,307689.0588235294,357838.82352941175,363604.4705882353,315378.23529411765,293369.76470588235,215905.23529411765,118722.76470588235,59443.76470588235,282318159744.0,14896.0,938824.0357142857,26205733.558178753,20236087.68971332,2973246.428330523,4343037.283185841
China,CHN,42.1570648878108,1.2116434202546997,10502.836171284634,472.8705289672544,47068636.4375,44736970.9375,554781038.0,842933962.0,10676988.375,10395884.65625,11998645.40625,14856227.25,13733968.1875,14233209.9375,9589774.5625,4585337.15625,1735572.0625,3563210110528.111,10261.0,690361.1875,252614905.08870032,17689.568686548224,2538526.641998735,119562.84203919664
Christmas Island,CXR,,,,,1463.0,607.0,,,179.0,201.0,549.0,404.0,296.0,245.0,146.0,47.0,4.0,,,2177207.0,,,,
Cocos Islands,CCK,,,,,292.0,262.0,,,72.0,81.0,53.0,75.0,75.0,100.0,54.0,31.0,13.0,,,82636.0,,,,
Colombia,COL,51.84340367950979,1.4003320835881572,15416.379603449652,448.7535431605258,1557407.3902439023,1637714.975609756,9512141.0,40827302.0,462067.0243902439,502929.53658536583,536372.3902439025,501267.8780487805,416757.9268292683,362949.85365853657,240772.34146341463,119566.9756097561,52438.41463414634,323802808108.0,6432.0,1594864.48,42277433.53794266,53289.48735244519,10393381.246621622,0.0
Comoros,COM,10.160353535353535,0.20202020202020202,2501.6123737373737,77.42929292929293,438653.0,430942.0,602734.0,248152.0,237638.0,191268.0,150845.0,117377.0,77036.0,50892.0,29656.0,11659.0,3224.0,1185728676.0,1393.0,535790.0,,,,
Cook Islands,COK,0.10606060606060606,0.0,0.38257575757575757,0.0,9281.0,8768.0,,,2343.0,2596.0,2608.0,1747.0,2276.0,2977.0,1899.0,1105.0,499.0,,,2184233.0,,,,
Costa Rica,CRI,1024.040404040404,10.172979797979798,243762.75883838383,2984.868686868687,611882.25,629123.0,1005676.0,4041885.0,171181.625,176813.0,200258.0,199643.875,159058.375,146987.875,102374.875,56962.125,27725.25,61773944173.0,12238.0,2855951.0,906307.4974789916,2685.1949579831935,0.0,51020.4081632653
Croatia,HRV,1338.4823232323233,19.122474747474747,256946.547979798,4885.30303030303,1972572.0,2103674.0,1739182.0,2328318.0,387321.0,404914.0,479988.0,544058.0,542154.0,581554.0,560437.0,358187.0,217633.0,60917594400.0,14868.0,214885.0,10929983.19327731,0.0,351260.50420168065,4216.152368758003
Cuba,CUB,1352.6843434343434,10.72979797979798,272281.53282828286,2245.907828282828,657770.2941176471,666583.7647058824,2594348.0,8739135.0,140746.0588235294,142138.23529411765,164292.23529411765,175253.88235294117,186774.76470588235,231219.4705882353,139189.70588235295,91866.64705882352,52873.23529411765,100023000000.0,8821.0,2054825.5294117648,0.0,0.0,0.0,0.0
Cura√ßao,CUW,49.263888888888886,0.32954545454545453,8545.065656565657,69.66161616161617,75469.0,88631.0,17175.0,140363.0,19331.0,21574.0,19538.0,18723.0,20281.0,24426.0,20705.0,13005.0,6517.0,3127908044.0,19573.0,1216719.0,,,,
Cyprus,CYP,413.5858585858586,1.0909090909090908,60579.143939393936,256.2361111111111,427831.0,448068.0,397867.0,800708.0,95734.0,94326.0,137873.0,139859.0,110212.0,108417.0,93559.0,63906.0,32013.0,24942615800.0,28674.0,307787.0,3886632.436026936,0.0,184781.98653198653,0.0
Czech Republic,CZE,135.39002385149848,1.7286101604515756,30945.13684381843,587.827957625614,168407.18681318683,173991.9010989011,2782553.0,7887156.0,36503.82417582418,33151.71428571428,36960.67032967033,48328.74725274725,55701.93406593407,42583.241758241755,43396.48351648352,31741.89010989011,14030.670329670329,89941594200.0,21413.066666666666,437477.6043956044,7564899.912126537,3655.474516695958,217784.5360281195,0.0
Democratic Republic of the Congo,COD,56.76679841897233,1.6856060606060606,13008.207473508088,593.0037878787879,16310482.666666666,16470330.0,47694888.0,39095679.0,10778863.666666666,7701302.666666667,5184545.333333333,3575422.6666666665,2400291.3333333335,1595197.6666666667,950498.6666666666,473725.6666666667,120965.0,47319624204.0,545.0,1058218.25,614670.0507614213,0.0,110829.10321489001,0.0
Denmark,DNK,3540.223484848485,5.917929292929293,299797.07575757575,1704.5391414141413,2889073.0,2917008.0,698575.0,5119978.0,618216.0,683669.0,783879.0,681161.0,762648.0,797775.0,662929.0,552058.0,263746.0,355582262000.0,61360.0,50046.0,78141390.97811447,161054.97474747474,161140.32323232322,3797.46835443038
Djibouti,DJI,19.630050505050505,0.23863636363636365,7597.887626262626,93.2260101010101,518993.0,469009.0,215011.0,758549.0,197110.0,179320.0,177328.0,162416.0,120922.0,78077.0,44334.0,22330.0,6165.0,3318716359.0,3408.0,192801.0,10600.375234521576,0.0,9398.496240601504,0.0
Dominica,DMA,14.075757575757576,0.07702020202020202,1519.0252525252524,8.42550505050505,35041.0,36298.0,20978.0,50830.0,15280.0,15360.0,10894.0,12217.0,8926.0,5747.0,2629.0,178.0,110.0,596033333.0,8300.0,307823.0,13445.378151260504,0.0,0.0,0.0
Dominican Republic,DOM,726.560606060606,5.517676767676767,211852.1426767677,2498.6742424242425,348172.0606060606,344291.36363636365,1951483.0,8787475.0,123032.9696969697,121793.06060606061,119536.0303030303,100147.60606060606,81155.9696969697,68594.63636363637,43984.09090909091,22927.969696969696,11291.0,88941298257.0,8282.0,3335243.4545454546,1806057.4370748298,0.0,606942.168367347,978.8235294117648
East Timor,TLS,28.713383838383837,0.16287878787878787,6135.439393939394,31.247474747474747,666242.0,652200.0,892937.0,400182.0,331878.0,306716.0,244908.0,159027.0,100788.0,88473.0,50144.0,28914.0,7594.0,1673540300.0,1294.0,305142.0,145892.17398648648,26138.279932546375,107304.9460370995,0.0
Ecuador,ECU,1052.135101010101,44.50631313131313,285722.4747474748,16623.68308080808,703025.32,708149.92,6256951.0,11116711.0,263077.96,249763.76,239860.68,206846.92,166812.2,127639.2,87978.8,46291.52,22904.28,107435665000.0,6183.0,239899.0,742075.2136752136,0.0,1299145.2991452992,0.0
Egypt,EGY,614.1174242424242,30.46969696969697,181715.06313131313,10200.272727272728,51702862.0,50631541.0,57492249.0,42895824.0,25028540.0,18385431.0,16511130.0,15198349.0,10948602.0,7844892.0,5122657.0,2530980.0,763822.0,303175127597.0,3020.0,1473947.0,30715024.201451905,0.0,1077862.3188405796,0.0
El Salvador,SLV,197.42929292929293,5.152777777777778,55976.666666666664,1695.7487373737374,412795.0,469893.86666666664,1758851.0,4694702.0,155982.4,158693.2,165328.26666666666,119803.66666666667,98424.93333333333,77337.73333333334,55295.13333333333,34014.26666666667,17808.866666666665,27022640000.0,4187.0,3484310.1333333333,3069491.300341297,0.0,305119.45392491465,0.0
Equatorial Guinea,GNQ,20.056818181818183,0.23106060606060605,6568.652777777777,89.57954545454545,780380.0,622605.0,371174.0,984812.0,371663.0,265297.0,286385.0,248981.0,115362.0,62217.0,34879.0,14721.0,3480.0,11026774945.0,8131.0,192791.0,,,,
Eritrea,ERI,12.256313131313131,0.13005050505050506,3182.686868686869,20.133838383838384,1777548.0,1768879.0,,,971770.0,860625.0,572236.0,460764.0,280842.0,171950.0,128327.0,77082.0,22831.0,,,296961.0,915.3722504230118,0.0,0.0,0.0
Estonia,EST,87.42809307117713,2.8724747474747474,12327.010732377435,727.3661616161617,625635.0,699185.0,410566.0,916024.0,144911.0,133739.0,152825.0,192519.0,182048.0,171824.0,162450.0,109787.0,74717.0,30722303000.0,23246.0,334738.25,5333562.4781849915,577.6614310645724,2392.479930191972,0.0
Ethiopia,ETH,591.9823232323232,9.43560606060606,176982.7095959596,2821.1136363636365,57516835.0,57446748.0,88290020.0,23788710.0,32037548.0,26828994.0,21439045.0,13792878.0,9038653.0,5704066.0,3624554.0,1929368.0,568477.0,96107662398.0,857.0,192800.0,2356902.3569023567,0.0,259992.41414141413,0.0
Falkland Islands,FLK,0.1452020202020202,0.0,39.93181818181818,0.0,1385.0,1296.0,,,414.0,270.0,311.0,314.0,319.0,337.0,316.0,273.0,126.0,,,2185374.0,,,,
Faroe Islands,FRO,43.76010101010101,0.03535353535353535,2339.3800505050503,2.88510101010101,27785.0,25775.0,28124.0,20554.0,7165.0,7068.0,7773.0,6229.0,6056.0,6837.0,5844.0,4321.0,2267.0,2833300519.0,58622.0,52939.0,0.0,0.0,0.0,0.0
Fiji,FJI,80.80681818181819,1.053030303030303,15038.585858585859,181.52904040404042,454018.0,442426.0,384905.0,505048.0,177140.0,158135.0,141945.0,134954.0,106523.0,91437.0,57119.0,23633.0,5558.0,5535548972.0,6220.0,571747.0,673400.6734006734,0.0,67340.06734006734,0.0
Finland,FIN,1043.3106918238993,3.013888888888889,94713.34465408805,762.8232323232323,2723290.0,2794629.0,803426.0,4716888.0,576696.0,601705.0,675248.0,706147.0,657943.0,732782.0,724769.0,539919.0,302710.0,276654540000.0,50150.0,54224.0,866949.013536379,16234.246205733558,190213.3569023569,7017.503797468355
France,FRA,822.9176141268158,4.053526750066543,99032.0552564087,1614.6531781153237,836000.3739130435,893348.3391304348,12936523.0,54123364.0,202163.65217391305,213954.38260869565,194295.61739130435,214284.99130434782,223601.75652173912,226729.22608695654,206807.81739130436,141031.46956521738,106479.80869565217,1821309202500.0,55873.0,518205.50458715594,1550369550.23339,2234675.391822828,19650516.686440676,761759.709390863
French Guiana,GUF,98.18813131313131,0.494949494949495,21295.16792929293,125.02525252525253,147750.0,150932.0,,,66121.0,57553.0,46109.0,38719.0,36990.0,26711.0,17226.0,7222.0,2031.0,,,1260551.0,,,,
French Polynesia,PYF,86.39520202020202,0.8106060606060606,18613.88888888889,198.1578282828283,142261.0,138643.0,106417.0,172870.0,39634.0,44134.0,40380.0,43367.0,39588.0,35649.0,23042.0,10823.0,4287.0,,,3412620.0,,,,
French Southern Territories,ATF,,,,,,,,,,,,,,,,,,,,2186658.0,,,,
Gabon,GAB,60.0290404040404,0.38257575757575757,17171.70707070707,112.15151515151516,1132854.0,1092874.0,222885.0,1949694.0,600006.0,422770.0,367413.0,350066.0,232164.0,134152.0,71303.0,36693.0,11161.0,16657960228.0,7667.0,192793.0,698653.1986531987,0.0,3367.003367003367,0.0
Gambia,GMB,15.085858585858587,0.46085858585858586,4885.563131313132,154.82954545454547,1198540.0,1218124.0,893748.0,1453958.0,762310.0,556857.0,429179.0,283131.0,174067.0,115911.0,59281.0,30008.0,5920.0,1763819047.0,751.0,192774.0,52004.28620102214,0.0,16740.20442930153,0.0
Georgia,GEO,2046.2613636363637,20.588383838383837,325331.327020202,4284.998737373738,1901227.0,2087947.0,1523906.0,2196476.0,553163.0,471057.0,500698.0,565076.0,517946.0,523623.0,459858.0,248786.0,148968.0,17743195770.0,4769.0,,3769441.720670391,0.0,701464.9014869889,0.0
Germany,DEU,165.4213900478274,1.4825195888877583,23880.518282283505,494.5655032054544,291020.0961538461,298705.64182692306,18807964.0,64324835.0,53841.57932692308,54831.526442307695,69482.02644230769,75282.19951923077,74057.90625,95867.70913461539,73346.95432692308,54644.002403846156,38371.83413461538,464277263717.64703,45742.35294117647,321855.9579439252,183448897.74915254,6378547.27118644,112122022.56101695,2356355.901265823
Ghana,GHA,202.05555555555554,1.8207070707070707,70383.78409090909,573.895202020202,15749999.0,15322946.0,13168802.0,17249054.0,8057871.0,6616721.0,5398591.0,4190418.0,3031250.0,2134979.0,1091067.0,456790.0,95258.0,66983634223.0,2202.0,192781.0,354729.7297297297,0.0,168918.9189189189,253485.42458808617
Gibraltar,GIB,19.66287878787879,0.1275252525252525,3448.1073232323233,49.55808080808081,17279.0,17225.0,0.0,33701.0,4658.0,4385.0,5133.0,5068.0,4573.0,3222.0,3350.0,2640.0,1475.0,,,1278736.0,,,,
Greece,GRC,3118.9545454545455,32.87373737373738,387661.03914141416,7677.465909090909,5208293.0,5516306.0,2208848.0,8507474.0,994709.0,1088503.0,1121294.0,1375885.0,1608239.0,1500790.0,1278758.0,995987.0,760434.0,217962048000.0,20296.0,192307.0,62081326.332197614,0.0,4567.298126064736,4135.848214285715
Greenland,GRL,14.906565656565656,0.022727272727272728,916.2563131313132,0.5643939393939394,25310.0,24138.0,7280.0,48945.0,6847.0,6865.0,7738.0,6648.0,4838.0,8106.0,5267.0,2337.0,803.0,3051626389.0,54470.0,2184073.0,49668.4275862069,0.0,514.7741379310345,24.067088607594936
Grenada,GRD,17.285353535353536,0.2727272727272727,1740.3358585858587,41.07070707070707,56666.0,55853.0,71238.0,40765.0,18131.0,16137.0,18289.0,18210.0,12871.0,12145.0,9576.0,4788.0,2372.0,1228170370.0,10965.0,550727.0,,,,
Guam,GUM,47.0959595959596,0.41792929292929293,7415.917929292929,112.94949494949495,85140.0,83643.0,8601.0,158693.0,26980.0,27161.0,27031.0,21835.0,19936.0,20164.0,14331.0,7781.0,3564.0,5920000000.0,35712.0,1152532.0,1072036.237924866,0.0,0.0,0.0
Guatemala,GTM,989.929292929293,21.487373737373737,241345.62247474748,6697.958333333333,779148.8695652174,790738.304347826,8063081.0,8540945.0,357325.652173913,340012.73913043475,298138.0,221142.34782608695,148655.4347826087,92058.82608695653,62532.34782608696,33217.17391304348,16804.304347826088,76710385879.0,4619.0,678081.7391304348,6679509.079124579,0.0,360461.9595959596,0.0
Guernsey,GGY,18.224747474747474,0.039141414141414144,1695.4823232323233,16.257575757575758,28003.0,28368.0,,,5407.0,5513.0,6844.0,7366.0,7524.0,8677.0,6759.0,5038.0,3243.0,,,3064410.0,,,,
Guinea,GIN,45.95580808080808,0.5555555555555556,16635.021464646463,154.15530303030303,6353234.0,6779558.0,8109741.0,4661505.0,3965624.0,3199454.0,2365739.0,1470866.0,898439.0,614524.0,408149.0,171250.0,38747.0,13590281808.0,1064.0,192778.0,652849.7409326425,0.0,82736.0553633218,0.0
Guinea-Bissau,GNB,10.13510101010101,0.21085858585858586,3287.4911616161617,62.976010101010104,962695.0,1005303.0,1080000.0,840922.0,582349.0,450029.0,342384.0,254506.0,156575.0,92188.0,60416.0,24637.0,4914.0,1340389410.0,697.0,192776.0,,,,
Guyana,GUY,79.50883838383838,1.542929292929293,14795.0101010101,349.9671717171717,395549.0,391010.0,573854.0,208912.0,147628.0,145351.0,145306.0,93109.0,90525.0,79337.0,51356.0,22940.0,11007.0,4280443645.0,5468.0,287083.0,129582.64432029796,0.0,40536.6312849162,4951.540689655172
Haiti,HTI,8.920302013422818,0.24630872483221478,2591.1189279731993,64.55704697986577,1161486.2727272727,1187817.5454545454,4934129.0,6328948.0,483162.9090909091,492929.1818181818,453416.2727272727,351181.7272727273,235818.0909090909,161692.9090909091,102829.45454545454,51434.90909090909,16838.727272727272,8498981820.0,754.0,597742.5454545454,211525.42372881356,0.0,61805.359322033895,0.0
Heard Island and McDonald Islands,HMD,,,,,,,,,,,,,,,,,,,,2177227.0,,,,
Honduras,HND,522.3472222222222,13.617424242424242,173068.03914141413,4616.358585858586,505769.4736842105,520991.36842105264,4119684.0,5626433.0,205224.26315789475,212247.2105263158,197404.42105263157,154433.0,109752.84210526316,71240.26315789473,44036.78947368421,21502.42105263158,10919.631578947368,25095395475.0,2574.0,4355938.578947368,705882.3529411765,521.1163575042159,720672.2689075631,0.0
Hong Kong,HKG,22.475982532751093,0.31004366812227074,8051.01018922853,145.80494905385734,3439666.0,4057322.0,0.0,7507400.0,664195.0,552659.0,867629.0,1122165.0,1129130.0,1207906.0,1048881.0,525084.0,379339.0,366029556273.0,48755.0,913110.0,96669957.07575758,0.0,2319058.4966329965,19121.79572763685
Hungary,HUN,2272.7853535353534,55.916666666666664,490981.0416666667,16048.755050505051,4675821.0,5096935.0,2770367.0,6999582.0,927784.0,981009.0,1191157.0,1293534.0,1576171.0,1218271.0,1312208.0,839589.0,433033.0,157862996000.0,16166.0,21335.0,62691859.81151833,0.0,1211350.949477352,25265.443037974685
Iceland,ISL,177.94065656565655,0.08585858585858586,11223.199494949495,22.724747474747474,182837.0,174154.0,22203.0,339110.0,44848.0,44914.0,55484.0,51650.0,45597.0,43927.0,36377.0,21716.0,12478.0,24188035738.0,66944.0,299133.0,3674889.1245791246,0.0,0.0,0.0
India,IND,271.26149075127836,3.2788657823012133,81670.44550645315,1084.6685409309864,39960897.80555555,37017640.13888889,895386226.0,471031528.0,13307997.111111112,14071023.805555556,13345715.055555556,11972754.333333334,9411704.416666666,7118594.305555556,4833246.861111111,2163408.722222222,754093.1388888889,2875142314811.0,2104.0,3807915.0579710146,548946912.026936,2373737.373737374,2128282.8282828284,169538.64583333334
Indonesia,IDN,57.21091162022345,1.5135286701734556,12816.33278268052,401.910381254619,7781347.257142857,7691215.771428571,119115844.0,151509724.0,2730251.4857142856,2618443.1714285715,2477773.4,2343299.285714286,2139324.0,1637635.1714285715,973245.4571428571,421355.17142857146,131456.94285714286,1119190780752.0,4135.0,10058299.545454545,119551047.56397307,0.0,48148.148148148146,448.42119205298013
Iran,IRN,8931.498737373737,173.5340909090909,2350914.897727273,60104.02272727273,42408406.0,41584547.0,20404283.0,62509623.0,14565856.0,11747928.0,12342907.0,16739446.0,11655616.0,8295331.0,5396905.0,2354607.0,894357.0,445345282122.0,5520.0,304938.0,45730583.765567765,0.0,0.0,0.0
Iraq,IRQ,2911.7323232323233,31.6010101010101,901474.0126262626,12320.022727272728,5787164.25,5660751.75,11526415.0,27783368.0,3026758.25,2492334.5,2061581.0,1529882.25,1098043.0,659791.0,360546.0,165350.75,53629.25,234094042938.0,5955.0,2517614.0,876191.2543554007,0.0,225893.49738219896,0.0
Ireland,IRL,1655.435606060606,8.241161616161616,249588.92550505052,3360.0467171717173,2428881.0,2475359.0,1808321.0,3133123.0,668830.0,658265.0,585903.0,729757.0,725606.0,593152.0,469668.0,309235.0,163824.0,382365076000.0,78706.0,7681896.0,37651669.559865095,20922.55892255892,6553613.9461279465,24916.1345177665
Isle of Man,IMN,29.29419191919192,0.10101010101010101,3864.804292929293,37.55681818181818,47027.0,46709.0,39979.0,44605.0,10146.0,10137.0,10876.0,10570.0,12225.0,14013.0,11359.0,8980.0,5428.0,6770532818.0,80989.0,6041206.0,,,,
Israel,ISR,51.68806913692287,0.08824651685625007,8005.251927107202,29.156738052450272,11010.677313677314,10932.42588042588,678907.0,8374393.0,4300.956989247312,3627.206953642384,3084.0380794701987,2861.3544407894738,2636.8239669421487,2059.2659395973155,1849.3032367972742,1270.9052437902483,874.820652173913,395098666121.0,43641.0,1742393.6666666667,50006384.81355932,0.0,7954656.597292724,177777.15113350126
Italy,ITA,403.6044072373751,19.074139831027306,72323.39851960551,7774.681442983797,697204.7479674796,735008.2032520325,17645430.0,42651966.0,120443.33333333333,136335.837398374,146552.46341463414,167639.44715447153,219455.35772357724,222073.79674796748,174300.37398373985,141940.081300813,103472.26016260163,189303679781.81818,34187.818181818184,177065.18852459016,1662859587.0541456,0.0,63925922.16582064,7488.359748427673
Ivory Coast,CIV,102.9330808080808,1.0025252525252526,33204.87752525252,272.04924242424244,13300380.0,13077895.0,12539644.0,13176900.0,7750286.0,6104858.0,4660994.0,3172215.0,2117552.0,1337226.0,822066.0,341744.0,71334.0,58792205642.0,2286.0,192779.0,679276.7191201354,523516.5472972973,134685.5152027027,0.0
Jamaica,JAM,161.75252525252526,3.5542929292929295,36252.555555555555,808.3686868686868,1469641.0,1491520.0,1297685.0,1650594.0,464789.0,466600.0,515496.0,443383.0,357430.0,320533.0,214541.0,119521.0,58868.0,16458071067.0,5582.0,7117041.0,325995.63931623934,2051.2820512820513,17979452.05479452,7672634.271099744
Japan,JPN,322.3354862866236,1.5182488594462846,35403.56376173984,400.3489968485756,3069033.263157895,3255151.447368421,10482515.0,115782416.0,517286.2105263158,562038.3157894737,614827.8947368421,726656.3421052631,928736.1842105263,823563.947368421,792304.5,804337.1052631579,554434.052631579,5081769542379.0,40246.0,2513976.4375,2892343418.268581,1419665916.8192568,29273902.18243243,10508068.31639136
Jersey,JEY,48.58585858585859,0.14267676767676768,5768.199494949495,51.22727272727273,53600.0,55205.0,,,12508.0,11599.0,17285.0,16050.0,10505.0,15721.0,12008.0,7982.0,5147.0,,,6956667.0,,,,
Jordan,JOR,2068.469696969697,17.48611111111111,444408.57954545453,5340.078282828283,5165979.0,5037161.0,888646.0,9213048.0,2212563.0,2179853.0,1802536.0,1490608.0,1141345.0,755591.0,366278.0,190751.0,63615.0,43743661971.0,4330.0,184818.0,2304965.5172413792,0.0,0.0,0.0
Kazakhstan,KAZ,1757.0239898989898,23.94823232323232,413208.7638888889,6449.251262626262,9112939.0,9663768.0,7861015.0,10652915.0,3868010.0,2720923.0,2573192.0,2993495.0,2286421.0,2039441.0,1438909.0,552505.0,303811.0,180161741180.0,9731.0,214665.0,22072183.365319867,10101.0101010101,3011431.3468013466,0.0
Kenya,KEN,30.19221105527638,7.121212121212121,8162.417713567839,2302.318181818182,26718527.0,27052773.0,38112450.0,14461523.0,14013910.0,12746879.0,9594274.0,7470146.0,4903045.0,2805603.0,1518826.0,574339.0,144278.0,95503088538.0,1816.0,3554588.25,2982063.1186736473,0.0,81445.02617801048,0.0
Kiribati,KIR,3.742424242424242,0.013888888888888888,93.9280303030303,0.2398989898989899,58744.0,60702.0,53117.0,64489.0,29463.0,23632.0,20524.0,16604.0,11173.0,9988.0,5141.0,2330.0,591.0,194647201.0,1655.0,571178.0,0.0,0.0,0.0,0.0
Kosovo,RKS,285.8813131313131,3.9217171717171717,73600.87878787878,1438.439393939394,1056741.0,1052151.0,,,334023.0,355023.0,350198.0,356878.0,254881.0,217293.0,138421.0,71012.0,31162.0,,,2088990.0,3324850.1269035535,0.0,0.0,0.0
Kuwait,KWT,784.679292929293,3.2083333333333335,216986.26893939395,1229.550505050505,2614446.0,1656117.0,0.0,4207083.0,608326.0,533226.0,444882.0,878556.0,965369.0,561299.0,220263.0,48550.0,10092.0,134761198945.0,32031.0,305099.0,6173805.923076923,102389.07849829351,2730375.4266211605,0.0
Kyrgyzstan,KGZ,253.28156565656565,3.73989898989899,89156.8648989899,1420.8484848484848,3227270.0,3296921.0,4094256.0,2362644.0,1529450.0,1100701.0,1082940.0,1014705.0,686435.0,581435.0,363824.0,111214.0,53487.0,8454619607.0,1309.0,178009.0,50132.16835016835,85625.90235690236,112053.92929292929,0.0
Laos,LAO,181.16919191919192,0.7904040404040404,18787.91919191919,59.51767676767677,3651794.0,3623762.0,4613903.0,2555552.0,1566742.0,1466251.0,1362625.0,1086529.0,772684.0,526577.0,317971.0,136164.0,40013.0,18173839128.0,2534.0,49903.0,20403.457912457914,0.0,9612.141652613827,0.0
Latvia,LVA,861.260101010101,6.671717171717172,101718.89267676767,1557.0656565656566,884909.0,1035059.0,607846.0,1304943.0,204389.0,189618.0,210869.0,266944.0,258763.0,270667.0,240208.0,170997.0,107513.0,34398215400.0,17818.0,72594.0,5398283.918149467,0.0,197557.0306122449,0.0
Lebanon,LBN,1354.2133838383838,12.771464646464647,329301.1388888889,4092.770202020202,3435746.0,3389696.0,770719.0,6084994.0,1152157.0,1134997.0,1176574.0,1009646.0,862743.0,724778.0,447767.0,211573.0,105207.0,53367042272.0,7784.0,184843.0,0.0,58823.529411764706,77854.67128027682,0.0
Lesotho,LSO,41.29671717171717,0.8800505050505051,9290.64898989899,244.12373737373738,1056950.0,1085302.0,1517760.0,607508.0,478748.0,428821.0,395192.0,327281.0,210251.0,140771.0,96813.0,48309.0,16066.0,2460072443.0,1157.0,2093234.0,124389.84485666105,0.0,63811.12984822934,0.0
Liberia,LBR,9.323232323232324,0.3712121212121212,2721.074494949495,120.91161616161617,2542539.0,2515138.0,2388948.0,2548426.0,1418816.0,1175025.0,840853.0,629808.0,444196.0,283828.0,168470.0,76455.0,20226.0,3070518100.0,621.0,192780.0,42735.042735042734,96801.34680134681,0.0,0.0
Libya,LBY,335.3466494845361,4.208762886597938,77395.92512690356,1137.0431472081218,1734421.5,1701331.5,1328855.0,5448597.0,642719.5,592882.5,547719.0,581747.0,524616.5,308594.0,142143.0,69474.0,25857.5,52076250947.0,7683.0,117952.0,1098298.3542039357,0.0,1083764.1735241502,16886.649874055416
Liechtenstein,LIE,16.113350125944585,0.09445843828715365,2429.0831234256925,34.18261964735516,19025.0,19353.0,32555.0,5464.0,3737.0,3891.0,4539.0,4888.0,5571.0,6339.0,4694.0,3263.0,1456.0,6552858738.0,173356.0,1155955.0,1175157.894736842,0.0,0.0,828.4817610062893
Lithuania,LTU,1166.4267676767677,10.708333333333334,198201.3648989899,2764.72601010101,1295591.0,1498593.0,895831.0,1891013.0,292389.0,266287.0,345322.0,350470.0,374254.0,425044.0,343396.0,235483.0,161539.0,53411968400.0,19116.0,72596.0,9733952.365079366,585.2526501766785,971485.8906525574,6082.381748071979
Luxembourg,LUX,234.47853535353536,1.2563131313131313,48733.170454545456,487.62752525252523,308720.0,305174.0,54408.0,565488.0,65947.0,65866.0,84163.0,95974.0,92360.0,87825.0,60143.0,37334.0,24282.0,70862634400.0,116348.0,2171347.0,18171777.38006757,372.4780405405405,55621.86824324324,0.0
Macau,MAC,0.7346938775510204,0.0,48.898989898989896,0.0,312100.0,337242.0,0.0,640445.0,68817.0,46834.0,88332.0,129802.0,93402.0,99615.0,78994.0,29881.0,13665.0,53859116535.0,84096.0,1867188.0,11204357.656529518,0.0,0.0,70428.38018741633
Macedonia,MKD,377.0984848484849,11.426767676767676,100834.02777777778,3362.0858585858587,1040200.0,1036932.0,870719.0,1212740.0,227724.0,231901.0,292309.0,325743.0,297514.0,281928.0,235923.0,131705.0,52206.0,12694823394.0,6093.0,,,,,
Madagascar,MDG,80.37752525252525,1.7247474747474747,24749.46212121212,483.14141414141415,13814619.0,13876400.0,16758458.0,10210849.0,7762937.0,6342928.0,4898736.0,3370908.0,2387858.0,1539765.0,915208.0,359863.0,112816.0,14083906356.0,522.0,447325.0,0.0,0.0,6324.786324786325,0.0
Malawi,MWI,107.80681818181819,3.3042929292929295,28126.58585858586,938.8484848484849,9434037.0,9695918.0,15429446.0,3199301.0,5662519.0,4738053.0,3377518.0,2286023.0,1436741.0,846148.0,480248.0,244242.0,58463.0,7666704427.0,411.0,195290.0,151291.4485165794,69808.02792321116,1040579.2779783393,47680.41237113402
Malaysia,MYS,547.501713502399,5.394422310756972,96544.53887746554,973.657604142868,1973047.0588235294,1868752.9411764706,7474011.0,24475766.0,592452.9411764706,617582.3529411765,739264.7058823529,644058.8235294118,452000.0,367258.82352941175,256535.29411764705,125982.35294117648,46717.64705882353,364701517787.0,11414.0,3757196.0,232879858.65724382,0.0,675397.5265017668,0.0
Maldives,MDV,216.72853535353536,0.375,40203.11616161616,105.37752525252525,342928.0,197614.0,317308.0,213645.0,72821.0,59438.0,139684.0,137607.0,64649.0,35316.0,18164.0,8466.0,4397.0,5729248472.0,10790.0,536773.0,,,,
Mali,MLI,38.37373737373738,0.9141414141414141,9401.342171717171,319.8800505050505,10145174.0,10105660.0,11178343.0,8479688.0,6760319.0,5009462.0,3203818.0,2160455.0,1485961.0,849119.0,501291.0,231083.0,49326.0,17510141171.0,890.0,192785.0,384667.80238500854,0.0,17376.49063032368,0.0
Malta,MLT,90.37626262626263,0.7664141414141414,20853.7297979798,244.8080808080808,251836.0,241723.0,26751.0,475902.0,46307.0,43517.0,75568.0,81203.0,65167.0,58962.0,59304.0,42685.0,20846.0,14606972200.0,30090.0,365307.0,0.0,0.0,0.0,0.0
Marshall Islands,MHL,0.005044136191677175,0.0,2.5750315258511978,0.0,28373.0,27502.0,13277.0,45514.0,12296.0,11723.0,8779.0,9206.0,5768.0,3943.0,2748.0,1112.0,301.0,221278000.0,3788.0,571771.0,,,,
Martinique,MTQ,146.67676767676767,1.130050505050505,17821.65025252525,204.58459595959596,172607.0,202658.0,,,35953.0,47122.0,41372.0,34102.0,44187.0,62795.0,52467.0,33672.0,23595.0,,,7112170.0,,,,
Mauritania,MRT,74.03787878787878,1.2361111111111112,18131.977272727272,385.8901515151515,2334981.0,2314679.0,2058875.0,2466821.0,1307828.0,1007555.0,787902.0,619779.0,422632.0,267150.0,151073.0,67186.0,18555.0,7593752450.0,1677.0,2695812.0,488215.4882154882,0.0,134680.13468013468,0.0
Mauritius,MUS,214.38888888888889,1.1414141414141414,12131.092171717171,117.97348484848484,627480.0,644287.0,749731.0,515980.0,132886.0,175164.0,196809.0,175108.0,182090.0,175349.0,137990.0,69213.0,27158.0,14180444557.0,11203.0,535828.0,2699987.936026936,84.17508417508418,521885.5218855219,0.0
Mayotte,MYT,46.342171717171716,0.2361111111111111,12203.17297979798,98.26515151515152,134159.0,138654.0,,,71474.0,64566.0,43627.0,32986.0,27349.0,16164.0,9372.0,4998.0,2277.0,,,1259885.0,,,,
Mexico,MEX,33.1887416044313,2.1731218867540916,9356.763947696287,806.390391284921,66117.19284853355,69282.41100843712,24948670.0,102626859.0,26005.45480112495,26475.752109280835,22515.60626757734,20205.44596223383,15594.161510646845,10799.103254319003,6549.2940940136605,3759.843712334271,1810.6440337484935,1258286717124.0,9863.0,4630202.980769231,8457784.196969697,0.0,12356902.356902357,0.0
Micronesia,FSM,0.003778337531486146,0.0,2.3375314861460956,0.0,58480.0,56541.0,87852.0,25963.0,24048.0,23299.0,22348.0,15088.0,11429.0,9785.0,6732.0,1929.0,363.0,401932300.0,3568.0,,,,,
Moldova,MDA,636.7512626262626,14.228535353535353,170381.84217171717,4251.30808080808,1931953.0,2102010.0,1522135.0,1135502.0,424058.0,419286.0,570833.0,773876.0,562808.0,521015.0,488289.0,184989.0,88809.0,11955435456.0,4498.0,58974.0,782197.3016949153,989927.1186440678,17810.761016949153,18637.91012658228
Monaco,MCO,11.994949494949495,0.06439393939393939,1961.7853535353536,18.065656565656564,11648.0,12406.0,0.0,38964.0,1599.0,2211.0,2292.0,2094.0,2662.0,3531.0,3488.0,3275.0,2903.0,7188238072.0,185829.0,36990.0,97847.35812133072,0.0,0.0,1549.367088607595
Mongolia,MNG,1150.483585858586,2.6515151515151514,165252.19823232322,481.135101010101,1615039.0,1663253.0,1014541.0,2210626.0,737475.0,500443.0,500016.0,564280.0,423046.0,314052.0,158362.0,59889.0,20729.0,13852850259.0,4295.0,161033.0,4355201.392255892,0.0,253594.55050505052,9895.448798988622
Montenegro,MNE,291.19444444444446,3.3863636363636362,70017.58838383839,988.0959595959596,307712.0,314470.0,204372.0,417765.0,74464.0,77613.0,79498.0,90519.0,82794.0,82291.0,75972.0,38778.0,20253.0,5494736901.0,8832.0,53296.0,,,,
Montserrat,MSR,0.2058080808080808,0.0025252525252525255,27.646464646464647,0.88510101010101,2667.0,2678.0,,,578.0,648.0,1085.0,892.0,915.0,662.0,340.0,152.0,73.0,,,537257.0,,,,
Morocco,MAR,1466.2752525252524,20.204545454545453,435462.70707070705,6912.770202020202,18316887.0,18593671.0,13496743.0,22975026.0,6752615.0,6097196.0,5883278.0,5606356.0,4452432.0,3743784.0,2735019.0,1197078.0,442800.0,118725279596.0,3204.0,3630439.0,30688354.623188406,0.0,362318.84057971014,0.0
Mozambique,MOZ,53.4524064171123,0.520855614973262,11830.860313315927,134.8760977925469,15188235.0,16067200.0,19273930.0,11092106.0,9717782.0,7595458.0,5294495.0,3588739.0,2289288.0,1400167.0,843662.0,420845.0,104999.0,14934159925.0,491.0,195273.0,944318.4896907216,51546.39175257732,39175.257731958765,0.0
Myanmar,MMR,749.9469696969697,24.468434343434343,182512.226010101,5983.162878787879,26220190.0,28189604.0,37371327.0,16674093.0,9021261.0,9916644.0,9163081.0,8072999.0,7219970.0,5573219.0,3603964.0,1423030.0,415626.0,76085852617.0,1407.0,50371.0,134557.70528109028,331.5809199318569,85529.8126064736,0.0
Namibia,NAM,198.5909090909091,5.063131313131313,53976.72601010101,1223.4469696969697,1231683.0,1309233.0,1221272.0,1273258.0,654526.0,526434.0,472709.0,356847.0,237557.0,150334.0,87461.0,41131.0,13917.0,12366527719.0,4957.0,195266.0,746889.1708967851,0.0,0.0,2063.756345177665
Nauru,NRU,0.0,0.0,0.0,0.0,4785.0,5460.0,0.0,12581.0,2210.0,1830.0,1547.0,1941.0,1191.0,885.0,499.0,118.0,22.0,118223430.0,9396.0,571804.0,,,,
Nepal,NPL,1234.0656565656566,15.082070707070708,362002.48863636365,4664.094696969697,13348435.0,15788373.0,22843197.0,5765513.0,5462983.0,6120130.0,5886374.0,3792742.0,3045653.0,2307700.0,1488078.0,811535.0,221613.0,30641380604.0,1071.0,184633.0,0.0,1818.1818181818182,37.53090909090909,0.0
Netherlands,NLD,74.26032279144694,0.24430859713378217,11070.397767584445,106.79136930845958,117971.53475935828,119757.63101604278,1408121.0,15924729.0,24580.106951871658,27505.641711229946,30336.631016042782,29028.074866310162,30840.042780748663,34498.12834224599,28783.042780748663,21075.860962566843,11081.433155080214,140316639261.53845,48779.38461538462,1143908.1682692308,74771507.03722504,913983.1252115059,454100.8510998308,331593.3257287706
New Caledonia,NCL,71.11616161616162,0.380050505050505,3622.364898989899,53.40530303030303,143498.0,141993.0,83163.0,204637.0,41314.0,43203.0,43192.0,41491.0,40823.0,34951.0,22795.0,13303.0,4419.0,,,3407643.0,,,,
New Zealand,NZL,280.62594458438286,0.07954545454545454,5763.773299748111,24.968434343434343,2370163.0,2452070.0,658140.0,4258860.0,615284.0,624953.0,671235.0,619066.0,591874.0,628691.0,522312.0,361832.0,186986.0,206928765543.0,42084.0,556706.0,19363884.87878788,0.0,500384.07744107745,30215.189873417723
Nicaragua,NIC,17.720959595959595,0.2840909090909091,5791.867424242424,140.8699494949495,369242.1666666667,379871.05555555556,2699365.0,3846137.0,144380.27777777778,140501.22222222222,133024.11111111112,120142.72222222222,86364.5,57427.555555555555,40382.72222222222,17489.555555555555,9400.611111111111,12520915291.0,1912.0,2408876.611111111,0.0,0.0,0.0,135501.35501355014
Niger,NER,11.06060606060606,0.38762626262626265,3639.128787878788,135.51136363636363,12170165.0,12036471.0,19460484.0,3850231.0,8758026.0,5901125.0,3717357.0,2259015.0,1528694.0,1046850.0,644749.0,295959.0,54861.0,12928145120.0,554.0,192786.0,431355.9322033898,0.0,261167.51269035533,0.0
Nigeria,NGA,321.47222222222223,3.967171717171717,115069.70454545454,1557.0694444444443,104469637.0,101669950.0,98156651.0,102806948.0,63852441.0,47703190.0,33177419.0,24368050.0,17037461.0,10700171.0,6258526.0,2623703.0,418626.0,448120428858.0,2229.0,192787.0,6448703.4375,57432432.432432435,571590.3969594594,381226.05363984674
Niue,NIU,0.0,0.0,0.0,0.0,688.0,703.0,,,256.0,216.0,177.0,163.0,164.0,186.0,110.0,84.0,34.0,,,1558556.0,,,,
Norfolk Island,NFK,,,,,938.0,1124.0,,,190.0,201.0,101.0,168.0,259.0,356.0,386.0,263.0,140.0,,,2574988.0,,,,
North Korea,PRK,0.0,0.0,0.0,0.0,12608379.0,13170436.0,9718749.0,15947412.0,3430371.0,3561229.0,3925716.0,3641894.0,3714316.0,3622786.0,2134683.0,1303959.0,443861.0,,,192734.0,,,,
Northern Mariana Islands,MNP,12.527777777777779,0.03787878787878788,654.7588383838383,3.676767676767677,22286.0,19704.0,4744.0,52472.0,6179.0,8143.0,5702.0,3331.0,5887.0,7098.0,4189.0,1195.0,266.0,1323000000.0,23258.0,306004.0,,,,
Norway,NOR,300.53557567917204,2.101010101010101,25488.45348837209,571.7247474747475,519322.25,512413.5833333333,929678.0,4418218.0,119774.08333333333,123364.5,139209.75,140791.08333333334,140375.16666666666,133399.0,110581.0,80773.75,43467.666666666664,403336363636.0,75419.0,4957268.428571428,35825765.28426396,394989.6751269036,47003.01184433164,879928.2889733841
Oman,OMN,484.68939393939394,5.363636363636363,160375.62373737374,1905.7348484848485,3370230.0,1736392.0,724209.0,4250777.0,832573.0,530304.0,1085543.0,1439820.0,684969.0,315600.0,142787.0,53058.0,21968.0,76983094928.0,15474.0,305138.0,35477366.182432435,0.0,48242.49915682968,0.0
Pakistan,PAK,887.5035211267606,37.7896725440806,343543.5277940316,13670.435768261965,38438752.5,36103024.0,136637556.0,79927762.0,17894750.166666668,15046904.333333334,13366453.833333334,10602971.666666666,7286019.5,5208156.0,3066651.8333333335,1575292.0,494577.0,278221906022.0,1284.0,919940.5,13762962.360876897,613406.2984822934,337268.1281618887,383141.7624521073
Palau,PLW,4.841309823677582,0.007556675062972292,149.0478589420655,0.14357682619647355,14679.0,13759.0,3517.0,14491.0,3217.0,4437.0,4722.0,4286.0,3960.0,3859.0,2245.0,1046.0,665.0,283994900.0,15859.0,571805.0,,,,
Palestine,PSE,820.6704545454545,7.016414141414141,212216.05808080808,2178.6136363636365,2586971.0,2514445.0,1103858.0,3581448.0,1364528.0,1109493.0,965725.0,664296.0,448140.0,297318.0,151853.0,77835.0,22228.0,14615900000.0,3198.0,,0.0,1724.1379310344828,0.0,0.0
Panama,PAN,954.6527777777778,10.224747474747474,266329.5037878788,4166.799242424242,301019.5,298749.64285714284,1356355.0,2890084.0,108547.64285714286,101362.35714285714,94473.35714285714,85785.78571428571,77096.57142857143,59863.71428571428,38927.78571428572,21685.714285714286,12026.07142857143,66800800000.0,15731.0,5185978.928571428,2867273.534635879,0.0,929310.3465517241,0.0
Papua New Guinea,PNG,52.29924242424242,0.8055555555555556,10543.771464646465,140.37373737373738,4568072.0,4378955.0,7613275.0,1162834.0,2150348.0,1917883.0,1554184.0,1220537.0,938384.0,629119.0,372086.0,136655.0,27831.0,24969611434.0,2845.0,307866.0,2828767.1232876712,0.0,34246.57534246575,0.0
Paraguay,PRY,811.3295454545455,23.26010101010101,214031.34974747474,6486.676767676768,390510.4736842105,379804.5789473684,2685486.0,4359150.0,149338.05263157896,143914.0,142598.36842105264,120182.73684210527,79080.57894736843,59307.63157894737,43188.89473684211,22947.42105263158,9757.578947368422,38145288939.0,5414.0,556302.6315789474,8792531.425454546,0.0,521479.5709090909,9020.61855670103
Peru,PER,32.997578954975786,2.0383359503833596,8934.643291701434,818.0352217703522,22804.982114676484,23563.062072593373,7120114.0,25390339.0,8112.504997369805,7947.24618621778,7724.970015781168,6911.799579168858,5776.503945291952,4375.436086270384,2913.845870594424,1701.3140452393477,904.4234613361389,226848050819.0,6977.0,2060635.674736842,21140067.623946037,0.0,850253.2647554806,30614.697164948455
Philippines,PHL,133.37008735520396,2.1533839287264898,25672.04841874924,492.21147600771087,1522247.9896907217,1490941.6907216494,57140712.0,50975903.0,641652.6597938144,604098.381443299,524202.2268041237,415267.5154639175,329077.0103092783,242022.54639175258,144489.1855670103,63910.71134020619,22724.40206185567,376795508679.0,3485.0,1317513.7961165048,43714801.9762309,0.0,1173174.8726655347,2394132.7319587627
Pitcairn Islands,PCN,0.0,0.0,0.0,0.0,,,,,,,,,,,,,,,,2185375.0,,,,
Poland,POL,86.57936498380552,1.747525763835293,186753.96413355792,4593.186645532,2164884.882352941,2308853.588235294,15174300.0,22796574.0,457351.0,439879.5294117647,553910.6470588235,714251.0,632738.7647058824,558055.6470588235,609266.2352941176,313380.5882352941,194905.0588235294,84799108072.72728,13934.727272727272,1283298.6818181819,156088542.66159052,0.0,570000.7851099831,652847.6322418136
Portugal,PRT,1930.2693641618498,13.16936416184971,302088.298791019,4628.48416810593,1213091.5,1356062.75,3515838.0,6753579.0,224303.75,265773.75,271508.75,315469.75,394123.25,369730.25,321731.75,241149.0,165364.0,60126839525.0,23142.75,3001337.714285714,85894511.04576272,0.0,35738.537288135594,308082.5921219822
Puerto Rico,PRI,598.5151515151515,5.212121212121212,110351.9558080808,1651.9924242424242,1355518.0,1505322.0,205163.0,2988531.0,240324.0,394666.0,288753.0,331517.0,399244.0,414184.0,361025.0,273681.0,157446.0,104988600000.0,32873.0,4422604.0,3668709.3696763203,0.0,626033.6933560477,0.0
Qatar,QAT,451.72222222222223,0.8459595959595959,155655.03282828283,328.80429292929296,2165135.0,715925.0,22996.0,2809071.0,270536.0,228400.0,717371.0,846180.0,461800.0,254161.0,81796.0,16725.0,4091.0,183466208791.0,64781.0,305095.0,37851590.10600707,0.0,0.0,0.0
Republic of the Congo,COG,30.328282828282827,0.4772727272727273,8837.402777777777,137.14141414141415,2756678.0,2761414.0,1755498.0,3625010.0,1592335.0,1257964.0,874261.0,680079.0,535814.0,327892.0,164737.0,69397.0,15613.0,10820591130.0,2011.0,192794.0,11452272.727272727,0.0,880.7424242424242,21455.938697318008
Romania,ROU,176.13852987342617,78.20251572327044,39877.79109554777,21897.757232704404,505428.17647058825,527647.7647058824,8887751.0,10468793.0,106847.26470588235,112002.17647058824,113952.82352941176,145187.4411764706,162673.88235294117,130889.5294117647,135146.4705882353,78315.5294117647,48060.82352941176,241475766400.0,12390.0,1845179.2093023255,6821111.105802048,0.0,2620519.1194539247,1041.7074742268042
Russia,RUS,540.1277581226819,11.835136474730383,111271.09856322329,2738.3646481345763,1614220.3614457832,1901379.939759036,36689646.0,107683889.0,444679.6506024096,364609.0,375476.0602409639,591932.2771084338,491215.4457831325,456572.2289156627,449597.7108433735,204112.6746987952,137405.2048192771,1699876578871.0,11584.0,173965.46987951806,6712861.991482113,1703.5775127768313,5017191.601036269,484944.6434108527
Rwanda,RWA,163.56439393939394,1.8409090909090908,36345.208333333336,445.0959595959596,6367431.0,6584778.0,10440846.0,2186104.0,3561023.0,2905795.0,2211043.0,1812554.0,1070094.0,728447.0,445154.0,174817.0,43282.0,10122472590.0,801.0,171496.0,273353.5353535354,0.0,27699.468013468013,0.0
R√©union,REU,381.5176767676768,0.8409090909090909,32233.26893939394,151.38762626262627,433301.0,462007.0,,,132392.0,138862.0,118272.0,99451.0,117326.0,125415.0,90557.0,47534.0,25499.0,,,1785276.0,,,,
Saint Helena,SHN,0.0,0.0,0.0,0.0,1361.0,1216.0,,,228.0,255.0,306.0,145.0,446.0,484.0,345.0,222.0,145.0,,,4868269.0,,,,
Saint Kitts and Nevis,KNA,6.982323232323233,0.05303030303030303,837.5921717171717,6.1313131313131315,30289.0,30759.0,36554.0,16269.0,8554.0,8458.0,5438.0,9689.0,9470.0,9136.0,6486.0,2500.0,1316.0,1050992592.0,19896.0,536899.0,,,,
Saint Lucia,LCA,28.69823232323232,0.45454545454545453,4704.031565656565,80.99242424242425,90422.0,93207.0,148510.0,34280.0,21812.0,24335.0,32816.0,28447.0,25517.0,23375.0,14555.0,8357.0,4415.0,2122450629.0,11611.0,550728.0,,,,
Saint Vincent and the Grenadines,VCT,10.5,0.13383838383838384,1873.1363636363637,18.332070707070706,56218.0,54729.0,52404.0,58185.0,15947.0,17428.0,17502.0,15711.0,14484.0,13590.0,9176.0,4503.0,2606.0,825385185.0,7463.0,550725.0,,,,
Samoa,WSM,0.041666666666666664,0.0,2.226010101010101,0.0,102703.0,95707.0,161509.0,35588.0,51123.0,41998.0,31295.0,22012.0,19560.0,16470.0,9960.0,4580.0,1412.0,850655017.0,4315.0,1872673.0,,,,
San Marino,SMR,18.291666666666668,0.1414141414141414,3595.938131313131,63.467171717171716,15936.0,17019.0,891.0,32969.0,3098.0,3625.0,3766.0,3664.0,4693.0,5377.0,3802.0,2811.0,2121.0,1637931034.0,48481.0,54624.0,0.0,0.0,18947.72344013491,0.0
Saudi Arabia,SAU,942.5164141414141,11.368686868686869,352453.40782828286,5351.185606060606,20131308.0,14682559.0,5460690.0,28807838.0,5956216.0,4860281.0,5354760.0,6980363.0,6408789.0,3216572.0,1373521.0,493856.0,169509.0,792966838161.0,23139.0,307584.0,58054666.07329843,916230.3664921466,243525.30541012215,657216.4948453609
Senegal,SEN,108.24368686868686,2.474747474747475,34293.5404040404,833.2449494949495,8170785.0,8573145.0,8530658.0,7765706.0,5032581.0,3863702.0,2823534.0,2051292.0,1331828.0,834700.0,505764.0,239182.0,61347.0,23578084052.0,1446.0,192775.0,3330303.0303030303,0.0,178726.2626262626,4810.126582278481
Serbia,SRB,2423.3926767676767,19.376262626262626,504675.57954545453,4674.002525252526,3392811.0,3570953.0,3037732.0,3907243.0,654145.0,694332.0,804338.0,958562.0,971473.0,944645.0,1021979.0,595246.0,319044.0,51409167350.0,7402.0,1741311.0,0.0,0.0,385510.4072790295,0.0
Seychelles,SYC,49.781565656565654,0.2058080808080808,8975.950757575758,40.505050505050505,50439.0,47901.0,41863.0,55762.0,15933.0,13866.0,13431.0,14486.0,14873.0,12977.0,7909.0,3205.0,1660.0,1698843062.0,17401.0,536765.0,86925.18181818182,0.0,5853708.969387755,0.0
Sierra Leone,SLE,2.17223521550284,0.036585365853658534,623.3827263615102,14.808855472013366,3981239.0,3995746.0,4493849.0,3319366.0,2225885.0,1867196.0,1405514.0,1017050.0,672894.0,419133.0,234025.0,108809.0,26479.0,3941474310.0,504.0,192777.0,12776.831345826235,0.0,6303.236797274276,0.0
Singapore,SGP,992.2032828282828,1.3244949494949494,96008.375,153.16414141414143,3062257.0,2788086.0,0.0,5703569.0,479037.0,505794.0,833058.0,896615.0,964873.0,946222.0,799325.0,289634.0,135785.0,372062527488.0,65233.0,536780.0,120531604.20812182,0.0,9475.465313028764,0.0
Sint Maarten,SXM,12.082070707070708,0.10732323232323232,2224.695707070707,32.448232323232325,15212.0,15660.0,0.0,40733.0,3956.0,3769.0,4453.0,3269.0,3883.0,5744.0,3972.0,1495.0,330.0,,,1231790.0,,,,
Slovakia,SVK,1885.584595959596,23.5239898989899,288757.8939393939,6623.338383838384,2661077.0,2789344.0,2523654.0,2930419.0,584354.0,538465.0,682622.0,862769.0,834209.0,708297.0,685186.0,375006.0,179513.0,105870732800.0,19470.0,346716.0,20618935.08034188,0.0,463100.8700854701,0.0
Slovenia,SVN,1133.5523329129887,7.909205548549811,185778.9180327869,2788.750315258512,159793.23076923078,160346.46153846153,943292.0,1144654.0,32772.769230769234,29775.076923076922,33326.153846153844,44907.230769230766,46720.92307692308,46715.230769230766,42535.53846153846,26304.76923076923,17082.0,53990687600.0,26078.0,1320543.6153846155,11842932.175084176,0.0,0.0,20930.40409207161
Solomon Islands,SLB,9.25,0.14015151515151514,217.10479797979798,2.601010101010101,349262.0,337616.0,507659.0,162164.0,196170.0,148825.0,111830.0,82050.0,68670.0,40695.0,22978.0,11993.0,3667.0,1425074225.0,2127.0,1857436.0,101590.10600706714,0.0,0.0,0.0
Somalia,SOM,33.27146464646464,1.702020202020202,9915.83207070707,496.07323232323233,7924087.0,7969132.0,8408044.0,7034861.0,5215364.0,3937590.0,2693876.0,1534404.0,1053894.0,733972.0,462790.0,210107.0,51222.0,,,192799.0,8532.423208191127,0.0,0.0,0.0
South Africa,ZAF,246.40504654581088,11.68625408400019,76471.01026894865,3468.4077400148844,4002356.2666666666,4096674.8666666667,19408553.0,39149717.0,1563585.3333333333,1429425.4666666666,1404686.9333333333,1363337.6666666667,962108.8666666667,673238.2666666667,438764.4,201384.06666666668,62499.933333333334,351431649241.0,6001.0,309356.06666666665,99622251.92242832,0.0,52727.1652613828,0.0
South Georgia and the South Sandwich Islands,SGS,,,,,,,,,,,,,,,,,,,,1983628.0,,,,
South Korea,KOR,1627.2699386503068,4.39344262295082,69507.72924335378,689.1445603576751,3754615.923076923,3823583.923076923,9602379.0,42106719.0,643253.4615384615,707276.0769230769,997096.4615384615,1049419.5384615385,1202104.8461538462,1233199.0,943692.7692307692,526680.6153846154,275477.23076923075,1642383217167.0,31761.0,2230002.7647058824,460450821.2816189,103878.58347386173,6151964.048903879,3039616.434727503
South Sudan,SSD,21.463383838383837,0.17297979797979798,6750.42297979798,75.75378787878788,5603014.0,5590715.0,8860863.0,2201250.0,3245682.0,2581901.0,1962952.0,1334153.0,896837.0,595525.0,344937.0,182626.0,49116.0,11997800760.0,1119.0,1656678.0,0.0,0.0,12794.626262626263,0.0
Spain,ESP,92.50573686087237,2.539767356866501,17646.93611211019,1132.6646712623979,420437.8086956522,436753.2347826087,9149372.0,37927409.0,80577.20869565217,88460.73043478261,88122.77391304348,113948.20869565217,142658.04347826086,126510.54782608696,95186.79130434783,69621.68695652173,52105.10434782608,132984810476.19048,27664.85714285714,360396.63689604687,52061.39562289562,0.0,7093418.777777778,33871.95031847134
Sri Lanka,LKA,818.6994949494949,20.564393939393938,186063.7626262626,3907.911616161616,10267351.0,11145899.0,17750912.0,4052088.0,3350035.0,3386220.0,2901857.0,2820021.0,2881105.0,2554818.0,2013196.0,1146337.0,359661.0,84008783756.0,3853.0,536807.0,1631403.5072463767,245376.8115942029,242386.04528985507,196774.1935483871
Sudan,SDN,61.18055555555556,4.9393939393939394,16057.201288244767,1705.4027777777778,21907295.0,21941974.0,27856005.0,14957233.0,12128806.0,10123657.0,7627158.0,5203245.0,3727319.0,2552951.0,1535960.0,733051.0,217122.0,18902284475.0,441.0,192789.0,10638.297872340425,0.0,84574.46808510639,127713.9208173691
Suriname,SUR,98.93055555555556,1.6628787878787878,17928.80808080808,375.90909090909093,294822.0,291812.0,197114.0,384258.0,104831.0,102231.0,95772.0,82786.0,72724.0,64828.0,36928.0,18685.0,7849.0,3985250737.0,6854.0,287082.0,278834.9338374291,0.0,101398.86578449905,0.0
Svalbard and Jan Mayen,SJM,,,,,1731.0,1391.0,,,346.0,257.0,517.0,734.0,611.0,476.0,161.0,17.0,3.0,,,3245620.0,,,,
Swaziland,SWZ,87.4469696969697,1.7563131313131313,20143.391414141413,524.0,570236.0,589928.0,872797.0,275333.0,286620.0,277018.0,212887.0,161329.0,104399.0,51717.0,36522.0,22585.0,7087.0,4405405802.0,3837.0,88210.0,6366716.916666667,68027.21088435374,10563.923208191127,17398.01658163265
Sweden,SWE,293.56520439875686,3.4464831804281344,62052.89732249582,1176.78253593227,467392.0,462441.86363636365,1264288.0,9021165.0,111291.5,105025.72727272728,121736.40909090909,121001.90909090909,117678.18181818182,116948.0,101177.13636363637,87556.59090909091,47418.36363636364,248557280733.33334,49661.142857142855,134475.13636363635,13741025.328282828,241629.70033670033,1092507.8585858585,12563.451776649747
Switzerland,CHE,286.9602711729226,1.2664872139973082,43775.975625560764,517.9872395573722,313860.81481481483,319067.1111111111,2242404.0,6332428.0,64309.92592592593,62316.59259259259,77980.22222222222,90014.51851851853,89217.18518518518,94953.92592592593,69001.85185185185,52270.59259259259,32863.11111111111,703082435360.0,81993.0,1577802.5,119847248.2946128,546548.8215488215,7252212.121212121,493985.35532994923
Syria,SYR,69.12121212121212,3.8914141414141414,17903.546717171717,1126.57702020202,8760065.0,8740592.0,7712116.0,9358019.0,3635903.0,3325125.0,3099983.0,2907193.0,1928901.0,1285346.0,822365.0,355547.0,140294.0,,,184840.0,0.0,0.0,52721.08843537415,0.0
S√£o Tom√© and Pr√≠ncipe,STP,7.498737373737374,0.09090909090909091,1842.9065656565656,27.32070707070707,109675.0,109486.0,56779.0,158277.0,62411.0,54109.0,33625.0,26631.0,18680.0,12780.0,7082.0,2764.0,1079.0,429016605.0,1994.0,535880.0,,,,
Taiwan,TWN,24.00204918032787,1.4964912280701754,4540.995901639344,309.15411558669,11834313.0,11982462.0,,,2052886.0,2188811.0,3120354.0,3548586.0,3787843.0,3659218.0,3101014.0,1488800.0,869263.0,,,2586901.9565217393,83836158.12563667,0.0,1194543.701188455,2208.2980891719744
Tajikistan,TJK,22.457070707070706,0.15782828282828282,10970.462121212122,79.34469696969697,4805738.0,4731904.0,6775541.0,2545477.0,2577610.0,1788367.0,1648522.0,1390331.0,882399.0,700890.0,387890.0,117606.0,44027.0,8116626794.0,870.0,214626.0,4470.826306913997,0.0,511.8881118881119,0.0
Tanzania,TZA,42.44949494949495,1.0075757575757576,6281.681818181818,168.46338383838383,29851108.0,29883105.0,37993578.0,20011885.0,18362316.0,14089042.0,9846249.0,7161928.0,4820727.0,2926635.0,1622800.0,741236.0,163280.0,63177068174.0,1122.0,195270.0,0.0,0.0,519714.0839041096,0.0
Thailand,THA,206.76026572126804,1.7197561156963344,30318.939421058065,306.14421146553644,33966060.0,35833918.0,34330982.0,35294600.0,7439832.0,8492311.0,9630308.0,9229727.0,10914257.0,10681394.0,7624356.0,3866568.0,1921225.0,543649976165.0,7808.0,1964269.9743589743,275275712.0202361,0.0,32075086.424242426,2411491.939974457
Togo,TGO,46.47979797979798,0.3434343434343434,10745.536616161617,103.35479797979798,4119404.0,4159332.0,4667728.0,3414638.0,2340181.0,1914996.0,1375261.0,1064557.0,744517.0,450714.0,255937.0,111493.0,21081.0,5459979416.0,675.0,192782.0,1128408.632996633,0.0,1731.1362068965518,0.0
Tokelau,TKL,0.0,0.0,0.0,0.0,634.0,683.0,,,231.0,295.0,229.0,148.0,162.0,138.0,76.0,28.0,11.0,,,2186600.0,,,,
Tonga,TON,0.8143939393939394,0.0,7.34469696969697,0.0,52904.0,52793.0,80349.0,24145.0,24639.0,23522.0,17140.0,12183.0,10290.0,8701.0,5303.0,2791.0,1128.0,450353313.0,4364.0,2186665.0,0.0,0.0,0.0,0.0
Trinidad and Tobago,TTO,162.48863636363637,4.592171717171717,25028.00126262626,704.2638888888889,690947.0,708544.0,653029.0,741944.0,184451.0,185810.0,183002.0,242861.0,191442.0,175062.0,135893.0,73654.0,27316.0,24100202833.0,17276.0,555717.0,859271.5966542751,0.0,45980.9907063197,0.0
Tunisia,TUN,1263.280303030303,35.1729797979798,295560.43686868687,9924.381313131313,5860752.0,5957866.0,3595658.0,8099061.0,2017759.0,1639938.0,1725346.0,1914064.0,1572471.0,1361506.0,962594.0,424106.0,200834.0,38797709923.0,3317.0,192757.0,1548387.0967741935,0.0,63275.378927911275,0.0
Turkey,TUR,17998.300505050505,119.98106060606061,3683753.3194444445,32440.23611111111,41139980.0,40863902.0,20331797.0,63097818.0,12843906.0,12764690.0,12823598.0,12909225.0,11156733.0,8873665.0,6058068.0,3119472.0,1454525.0,754411708202.0,9042.0,174737.0,27284716.188455008,8503.401360544218,0.0,0.0
Turkmenistan,TKM,0.0,0.0,0.0,0.0,2969310.0,3061877.0,2849351.0,3092738.0,1332930.0,1008743.0,1009791.0,957885.0,697821.0,535459.0,334444.0,103458.0,50656.0,40761142857.0,6966.0,223026.0,0.0,0.0,0.0,0.0
Turks and Caicos Islands,TCA,7.407828282828283,0.045454545454545456,1665.2386363636363,11.97979797979798,23158.0,22841.0,2536.0,35655.0,6702.0,6029.0,6716.0,8648.0,8988.0,5173.0,2278.0,940.0,525.0,1022312010.0,27142.0,547479.0,,,,
Tuvalu,TUV,0.0,0.0,0.0,0.0,6057.0,6178.0,4284.0,7362.0,2536.0,2087.0,2310.0,1858.0,971.0,1178.0,862.0,323.0,111.0,47271463.0,4059.0,2177266.0,,,,
Uganda,UGA,206.29166666666666,4.53030303030303,52315.13762626263,1078.6578282828282,22546589.0,23194411.0,33485078.0,10784516.0,14855952.0,11449424.0,7872675.0,5101100.0,3133404.0,1852435.0,974325.0,411998.0,89687.0,34387229486.0,776.0,192796.0,735411.3384353742,0.0,11553663.05952381,6385.6960408684545
Ukraine,UKR,488.92641719513966,10.682819383259911,112570.38937240113,2575.1576733391353,20263148.0,23470611.0,13549456.0,30835699.0,4589511.0,4383517.0,4898491.0,7208958.0,6406404.0,5906737.0,5539856.0,2983430.0,1816855.0,153781069118.0,3659.0,102397.96296296296,7349959.863636363,0.0,5887132.141856392,301174.2332474227
United Arab Emirates,ARE,1112.969696969697,2.9053030303030303,362575.06313131313,1088.45202020202,6836349.0,3054051.0,1290785.0,8479744.0,1011713.0,842991.0,2149343.0,3169314.0,1608109.0,797913.0,242707.0,55884.0,12426.0,421142267937.0,43103.0,307763.0,408458260.1191336,0.0,0.0,6648.936170212766
United Kingdom,GBR,529.1306141538805,44.03118161925602,98860.06414435797,18291.189342806396,713357.8152173914,731410.4130434783,10926089.0,55908316.0,174551.48913043478,163704.47826086957,191624.39130434784,195730.9402173913,182888.26086956522,193747.61956521738,151850.63586956522,119263.04891304347,71407.36956521739,349069756915.7895,40262.84210526316,385895.7875,305063936.9524618,531254.4410169491,8041082.561690525,4172054.115248227
United States Minor Outlying Islands,UMI,,,,,,,,,,,,,,,,,,,,2185386.0,,,,
United States Virgin Islands,VIR,19.457070707070706,0.13762626262626262,3521.9103535353534,33.20075757575758,49601.0,54822.0,4444.0,102187.0,12868.0,14018.0,12731.0,9731.0,11766.0,14449.0,14021.0,10901.0,3938.0,3855000000.0,35938.0,286898.0,0.0,0.0,0.0,0.0
United States of America,USA,102.20726082441135,1.2550834447426722,25257.374793202376,431.8515145487611,156056.5629097721,161011.96534498906,57576495.0,270663028.0,38858.87792694349,40591.555104589446,44160.263815173275,42666.70340305963,38955.6297221355,40862.57571027162,36411.87699032157,22288.634717452387,12272.411489228847,21374418877706.0,65118.0,1602910.3789217179,425856531.4826353,174289.49903660888,33406465.663673867,1153171.7747683534
Uruguay,URY,1069.2777777777778,8.844696969696969,175987.5176767677,2375.1767676767677,163829.3,176159.3,158340.0,3303394.0,46504.05,47495.4,49985.35,45090.05,44500.65,38100.5,31937.15,21423.35,14951.95,56045912952.0,16190.0,1638427.6,1548658.851851852,0.0,5050.50505050505,3401.360544217687
Uzbekistan,UZB,298.95328282828285,2.066919191919192,88272.54797979798,639.6401515151515,16696918.0,16772280.0,16644921.0,16935729.0,6713724.0,5460854.0,5946987.0,5577195.0,3930500.0,3068761.0,1939628.0,572150.0,259400.0,57921286440.0,1724.0,196240.0,3040166.4924114672,0.0,269083.32546374365,529.0322580645161
Vanuatu,VUT,0.022727272727272728,0.0,2.205808080808081,0.0,155690.0,151460.0,223730.0,76152.0,80885.0,66926.0,50768.0,41003.0,29192.0,20545.0,11437.0,4838.0,1556.0,917058850.0,3058.0,2177246.0,65481.48148148148,0.0,21043.771043771045,0.0
Vatican City,VAT,0.03282828282828283,0.0,19.507575757575758,0.0,6788.0,4208.0,,,1603.0,1179.0,1196.0,1236.0,1329.0,1348.0,1253.0,1189.0,661.0,,,36989.0,,,,
Venezuela,VEN,64.95089828931359,7.122474747474747,16171.146562812633,1997.5833333333333,1196654.48,1219830.56,3353461.0,25162368.0,435043.32,430998.6,375458.4,352867.84,295733.96,251390.68,161990.92,79341.12,33660.24,,,1110155.28,0.0,0.0,16863.409780775717,260078.02340702212
Vietnam,VNM,4906.099747474747,51.19570707070707,358332.5025252525,6637.585858585859,48598254.0,48740329.0,61129966.0,35332140.0,15478572.0,13599043.0,15389496.0,16200924.0,13572962.0,11109968.0,7342687.0,2778472.0,1866459.0,261921244843.0,2715.0,49915.0,17222222.222222224,673.4848484848485,145.0841750841751,69.54381443298969
Wallis and Futuna,WLF,0.571969696969697,0.008838383838383838,201.46843434343435,2.907828282828283,,,,,,,,,,,,,,,,3412448.0,,,,
Western Sahara,ESH,,,,,312260.0,285070.0,,,112594.0,98369.0,104985.0,108715.0,82794.0,51951.0,28374.0,7612.0,1936.0,,,2559126.0,,,,
Yemen,YEM,14.862373737373737,2.6957070707070705,4383.171717171717,905.2651515151515,15024985.0,14800983.0,18292399.0,10869523.0,8033408.0,6750274.0,5732746.0,4140438.0,2362804.0,1422835.0,879450.0,403471.0,100542.0,27591261663.0,968.0,305092.0,0.0,0.0,35279.416961130744,0.0
Zambia,ZMB,395.699494949495,4.996212121212121,92950.45833333333,1444.9242424242425,9103006.0,9280950.0,9989317.0,7871713.0,5663542.0,4550181.0,3180383.0,2185194.0,1413889.0,761259.0,403835.0,179965.0,45708.0,23064722446.0,1291.0,195271.0,1605972.3367003368,40404.0404040404,64666.6936026936,0.0
Zimbabwe,ZWE,300.6388888888889,6.8143939393939394,57595.29671717172,1761.0681818181818,7092010.0,7770917.0,9928163.0,4717305.0,4308160.0,3559955.0,2482991.0,1867476.0,1257822.0,698089.0,425415.0,200358.0,62661.0,21440758800.0,1463.0,195272.0,2217537.9426644184,6408.0944350758855,0.08650519031141868,127551.02168367348
