iso_3166_1_alpha_3,average_temperature_celsius,comorbidity_mortality_rate,average_new_fully_vaccinated_per_day_per_1000,average_new_vaccinated_per_day_per_1000,average_new_tested_per_day_per_1000,diabetes_prevalence,gdp_per_capita_usd,gdp_usd,human_capital_index,latitude,population_density,smoking_prevalence,total_cases_divided_by_population,total_deaths_divided_by_population,population,international_travel_controls,stay_at_home_requirements,testing_policy,public_information_campaigns,vaccination_policy,facial_coverings,cancel_public_events
ABW,27.507913482793523,,1.7664944122328499,1.7853955123828211,3.7137290897851374,11.6,29007.0,3056424581.0,,12.511063,593.144,,0.40246895078957723,0.002135511305097128,106766.0,1.0,0.0,1.0,2.0,0.0,2.0,2.0
AFG,15.037980804407715,29.8,3.9115678853318836,3.917340050421739,,9.2,502.0,19101353832.0,0.389,33.0,59.627,,0.005051923481660829,0.00020013696448045398,38928341.0,1.0,0.0,0.0,0.0,0.0,3.0,2.0
AGO,22.79271579209979,16.5,3.4784127195361303,5.619320986350652,0.17121506376127232,4.5,2973.0,94635415869.0,0.361,-12.35,26.363,,0.00313789819817383,5.832728128205129e-05,32866267.0,4.0,1.0,2.0,2.0,0.0,3.0,1.0
AIA,27.458482002024294,,12.965618189683552,12.683688958431274,,,,,,18.227222,166.689,,0.2570323956805759,0.0007998933475536596,15002.0,[],[],[],[],[],[],[]
ALB,15.720086261178862,17.0,1.7279207675247368,1.7541951774133433,0.7830718865882383,9.0,5352.0,15278077446.0,0.621,41.0,99.6,28.7,0.11533883658867108,0.0012527830404059212,2862427.0,1.0,2.0,2.0,2.0,0.0,2.0,2.0
AND,14.047082275406504,,14.716714638215741,13.996671587247514,,7.7,40886.0,3154057987.0,,42.558333,164.394,33.5,0.5972561962078561,0.0020060829612373,77265.0,2.0,0.0,3.0,2.0,0.0,3.0,2.0
ARE,29.445821646341464,16.8,2.600541285589795,2.4948696473456904,20.140679435262967,16.3,43103.0,421142267937.0,0.659,24.4,118.306,28.9,0.10325072797864596,0.0002367952762274529,9890400.0,2.0,0.0,3.0,2.0,5.0,3.0,2.0
ARG,17.598723862944162,15.8,0.5819384075805288,0.634035893379775,0.7135670035633037,5.9,10006.0,449663446954.0,0.611,-34.0,16.515,21.8,0.2157997541184536,0.002889045863174717,44938712.0,4.0,2.0,2.0,2.0,0.0,3.0,2.0
ARM,,22.3,8.017138888317751,7.938286345256567,1.2507996960010341,6.1,4622.0,13672802157.0,0.572,,104.083,24.1,0.14825086375223825,0.002925519888068239,2963234.0,[],[],[],[],[],[],[]
ASM,27.183354907801416,,,,,,11466.0,636000000.0,,-14.295833,275.985,,0.1488667862383825,0.0006159755059151766,55197.0,[],[],[],[],[],[],[]
ATG,27.141183998987856,22.6,7.49479839559626,7.037318618111353,,13.1,17790.0,1727759259.0,,17.116667,222.564,,0.09198594886038722,0.001480679683032432,97928.0,[],[],[],[],[],[],[]
AUS,20.41698158071066,9.1,0.8845409560605787,2.816672212249685,3.3376693403263724,5.6,54907.0,1392680589329.0,0.803,-28.0,3.319,14.7,0.3970477744582416,0.0005676497078554994,25499881.0,4.0,0.0,2.0,2.0,0.0,2.0,2.0
AUT,9.688346027411168,11.4,1.1809365516112555,1.226252433321763,24.720401202238044,6.6,51448.0,455140042000.0,0.793,48.0,107.1,29.6,0.5653733162880873,0.002332602419634769,8858775.0,3.0,0.0,3.0,2.0,5.0,3.0,2.0
AZE,15.40312925609756,22.2,1.1061326712748056,1.2647964790128845,1.1285829468373905,6.1,4793.0,48047647058.0,0.597,40.3,122.664,20.8,0.0807397051535258,0.0009737478641013692,10139175.0,4.0,0.0,2.0,2.0,5.0,2.0,2.0
BDI,22.571598771573605,22.9,0.0491136789080549,0.042649438681541196,0.2655418512879852,5.1,261.0,3012334881.0,0.38,-3.666667,463.037,,0.004195014608376018,1.26148147880278e-06,11890781.0,1.0,0.0,1.0,1.0,0.0,1.0,0.0
BEL,11.627785904761904,11.4,1.2210736197357843,1.2346279978392498,3.5618932075535876,4.6,47436.0,542587364000.0,0.757,50.641111,375.3,28.2,0.3931821858093029,0.0028462263473178298,11455519.0,3.0,0.0,3.0,2.0,5.0,3.0,2.0
BEN,27.26076853211009,19.6,6.433483970153749,8.41281043720202,,1.0,1219.0,14390709094.0,0.406,8.833333,107.513,6.4,0.0022797614952754217,1.344529718973492e-05,12123198.0,1.0,0.0,2.0,2.0,0.0,4.0,2.0
BFA,28.822168395727367,21.7,4.439193331672301,3.7664835601945534,0.013084072268473874,7.3,774.0,15745810234.0,0.369,12.266667,76.401,12.5,0.001010750562662947,1.8513842661423726e-05,20903278.0,1.0,0.0,3.0,2.0,0.0,3.0,0.0
BGD,26.54096668699187,21.6,2.835291476234105,2.6771803572064736,0.11356026818484463,9.2,1855.0,302571254131.0,0.479,24.016667,1265.187,23.0,0.012244766257943901,0.00017813534464453,164689383.0,3.0,2.0,3.0,2.0,0.0,4.0,2.0
BGR,13.540642081218275,23.6,0.5053925444368984,0.49980959629891586,1.2220291730266344,6.0,9440.0,66182565600.0,0.676,42.75,63.9,37.0,0.17860614776574815,0.005380398594922114,7000039.0,3.0,0.0,1.0,2.0,5.0,3.0,2.0
BHR,28.334788029471547,11.3,1.3315169076185736,1.3552210578289523,7.133409263350849,15.6,23503.0,38574069148.0,0.668,26.0675,2238.925,26.4,0.3966359560479859,0.0008921104641971623,1701583.0,2.0,1.0,3.0,2.0,0.0,3.0,2.0
BHS,25.80067563313008,15.5,8.023181300349906,7.4386146629685355,1.2088842266148234,8.8,32933.0,12827000000.0,,25.0,39.286,11.5,0.09452304906827244,0.002110627390349093,393248.0,1.0,2.0,1.0,2.0,0.0,3.0,2.0
BIH,12.048473939086294,17.8,12.741955885961262,13.692793958063412,0.7814906631206849,9.0,6073.0,20047848434.0,0.618,44.0,64.33,38.9,0.12119000918978973,0.004908536445974552,3280815.0,1.0,0.0,2.0,2.0,0.0,3.0,1.0
BLR,8.416614959349593,23.7,12.733303850265868,12.50479652068507,1.5967494295798255,5.0,6663.0,63080457022.0,,53.528333,46.569,26.7,0.10519665910386578,0.0007532816379081629,9449321.0,2.0,1.0,3.0,2.0,0.0,1.0,1.0
BLZ,27.44718175203252,22.1,5.03355612265856,4.371817355946716,2.451245448974442,17.1,4815.0,1879613600.0,,17.066667,17.432,,0.1725562784661776,0.001710171243470541,397621.0,1.0,2.0,2.0,2.0,0.0,3.0,2.0
BMU,22.619723064842958,,11.741948343685854,11.637251572337595,61.20703121008229,6.7,,,,32.333333,1245.46,,0.2893549371316622,0.002376631927159443,62273.0,2.0,0.0,3.0,2.0,0.0,2.0,1.0
BOL,21.694474114871795,17.2,1.0959409457886102,1.3383433110794933,0.4711472055628589,6.8,3552.0,40895322865.0,,-17.05687,10.775,,0.09479441882651024,0.001903362015120497,11673029.0,4.0,0.0,1.0,2.0,0.0,4.0,0.0
BRA,27.968065898373982,16.6,0.839862246335098,1.4075534417898776,0.4004173539767871,10.4,8717.0,1839758040765.0,0.56,-14.0,25.431,13.9,0.16263139403064486,0.003223583482959345,212559409.0,1.0,2.0,1.0,2.0,0.0,4.0,2.0
BRB,27.378757134615388,16.2,1.0551662339769003,1.0639288852817705,3.1571930162950137,13.4,18148.0,5209000000.0,,13.17,668.305,7.8,0.35486879330203813,0.0019417408158791249,287371.0,2.0,2.0,3.0,2.0,0.0,3.0,2.0
BRN,26.93717817886179,16.6,6.2306645422814615,5.5831858907511345,0.6640258021454548,13.3,31086.0,13469422941.0,,4.4,83.014,16.9,0.5134142355245804,0.0002971544037139729,437483.0,4.0,0.0,3.0,2.0,0.0,2.0,1.0
BTN,19.04170148780488,23.3,13.855944047542934,7.330161597287891,3.7919704651170725,10.3,3243.0,2446674102.0,,27.45,20.243,,0.07959829551639944,2.7215750921447568e-05,771612.0,3.0,1.0,2.0,2.0,0.0,4.0,2.0
BWA,22.49582950927835,20.3,12.48646287604085,9.984731302822516,0.24296090625693748,5.8,7961.0,18340510789.0,0.424,-22.2,4.149,20.0,0.13867304523467816,0.0011817360335937914,2351625.0,1.0,0.0,3.0,2.0,0.0,3.0,0.0
CAF,,23.1,10.49356540908509,7.722711046517345,,6.0,467.0,2220307368.0,,6.7,7.753,,0.0030856580155883395,2.3396588321913865e-05,4829764.0,2.0,2.0,1.0,2.0,0.0,3.0,0.0
CAN,2.214185592292089,9.8,2.4891431814667473,2.554215552534647,1.9968185708092945,7.6,46194.0,1736425629519.0,0.799,56.0,4.15,14.3,0.11122048482814588,0.0011749990865651903,37742157.0,4.0,2.0,2.0,2.0,5.0,3.0,2.0
CHE,7.577672806091371,8.6,1.1066623696809457,1.1201392683140972,3.0797271295853363,5.7,81993.0,703082435360.0,0.767,46.798562,213.6,25.7,0.47445540285612064,0.0015858104257848327,8544527.0,3.0,0.0,3.0,2.0,5.0,2.0,2.0
CHL,15.323986481218276,12.4,1.664703631979382,1.6741206672529017,2.7599812229850493,8.6,14896.0,282318159744.0,0.674,-33.0,25.71,37.8,0.259957563453244,0.0034609075689812957,17574003.0,3.0,3.0,2.0,2.0,0.0,2.0,2.0
CHN,5.414258385162602,17.0,0.8616727890254847,1.0259894585210796,,9.2,10261.0,14342902842914.998,0.6730000000000002,35.844722,153.312,25.6,0.004516838474732232,1.7706231537588706e-05,1439323774.0,3.0,3.0,3.0,2.0,5.0,2.0,2.0
CIV,26.573893366972477,29.1,5.310104373490038,1.8064958548064436,0.07764138046476457,2.4,2286.0,58792205642.0,0.353,8.0,82.951,,0.003297145093831951,3.1162007371596515e-05,26378275.0,1.0,1.0,2.0,2.0,0.0,3.0,0.0
CMR,23.06770451648352,21.6,0.7961205141618944,0.9694758388912036,,6.0,1497.0,38760467033.0,0.394,7.0,56.157,,0.004582710135183394,7.289271127133025e-05,26545864.0,1.0,0.0,2.0,2.0,0.0,3.0,1.0
COD,,19.4,0.6048791976137315,0.7653270556700965,,6.0,545.0,47319624204.0,0.369,-2.88,39.506,,0.0010356023449565395,1.5877375035344465e-05,89561404.0,1.0,2.0,1.0,2.0,0.0,3.0,1.0
COG,26.06372592581301,16.7,4.09904783699204,3.337733209036551,,6.0,2011.0,10820591130.0,0.42,-0.75,16.158,26.9,0.004489776538702145,6.995171519430991e-05,5518092.0,2.0,2.0,1.0,2.0,0.0,3.0,1.0
COK,25.523820963414632,,41.72170348439991,27.613299931678434,,,,,,-21.233333,73.183,,0.3637554087907083,5.693463903438852e-05,17564.0,[],[],[],[],[],[],[]
COL,20.58152443292683,15.8,2.3180696911246423,2.663951540498932,0.9626938938173927,7.4,6432.0,323802808108.0,0.593,4.0,45.861,9.0,0.12389857854755246,0.00278498364990475,50882884.0,4.0,2.0,2.0,2.0,0.0,3.0,2.0
COM,27.03514568800813,22.9,14.149857302871247,14.727222155141186,,12.3,1393.0,1185728676.0,0.409,-12.23333,467.273,14.0,0.009736716517459276,0.0001839936982158361,869595.0,[],[],[],[],0.0,0.0,[]
CPV,24.62965134148828,17.2,9.164286519373322,10.337743423100104,1.0609766202708306,2.4,3603.0,1981845740.0,,15.916667,137.96199999999996,9.1,0.11213551371612338,0.0007374259876112434,555988.0,1.0,1.0,3.0,2.0,0.0,3.0,2.0
CRI,26.614555688008128,11.5,10.549206196476753,10.817570684834484,0.8857871287326772,9.1,12238.0,61773944173.0,0.619,10.0,99.767,11.9,0.21707248797337475,0.0017496663796687706,5094114.0,1.0,1.0,1.0,2.0,0.0,3.0,2.0
CUB,26.13281041869919,16.4,1.9884986917891603,2.090411408413819,0.9969995566252061,9.6,8821.0,100023000000.0,,22.0,106.413,35.2,0.09808295787550315,0.0007530934217245468,11326616.0,4.0,0.0,1.0,2.0,0.0,3.0,2.0
CUW,26.868904363360326,,1.4352656526268075,1.3968864353406998,14.963775475658474,11.6,19573.0,3127908044.0,,12.166667,369.595,,0.27632541133455213,0.001748933577087142,164100.0,[],[],[],[],[],[],[]
CYM,27.504468720528454,,7.2210387502536015,7.75428439208664,35.59799147900183,6.8,85477.0,5485419416.0,,19.5,273.833,,0.46477480219111383,0.0004716981132075472,65720.0,[],[],[],[],[],[],[]
CYP,21.126865077157362,11.3,4.222230104654511,4.292255066969998,45.08025277645013,9.0,28674.0,24942615800.0,0.751,35.0,94.4,36.4,0.6620614933913613,0.0013391955008511256,875899.0,3.0,2.0,3.0,2.0,5.0,3.0,2.0
CZE,9.547005071065989,15.0,0.9700292235422622,1.044373754516075,2.125497454296015,7.0,23010.0,244932977600.0,0.782,49.5,137.7,34.3,0.38201759657458356,0.003843452459201112,10649800.0,3.0,0.0,3.0,2.0,0.0,2.0,1.0
DEU,10.828389177845528,12.1,1.2590546146106572,1.2459074839211315,,10.4,47554.0,3946356600000.0,0.795,51.0,234.7,30.6,0.3927403286754838,0.001791488917149817,83019213.0,3.0,2.0,3.0,2.0,0.0,2.0,2.0
DJI,30.5292745802005,19.6,5.319723478188744,5.4553786328367755,0.6239865911202609,5.1,3408.0,3318716359.0,,11.8,42.623,13.1,0.01588053465478815,0.00019129515932153984,988002.0,1.0,0.0,2.0,2.0,0.0,3.0,2.0
DMA,27.233796185222673,,4.998806067689677,4.612248809440126,7.000875109388674,11.6,8300.0,596033333.0,,15.416667,95.988,,0.2063035657234932,0.0009445625147587893,71991.0,2.0,0.0,3.0,2.0,5.0,3.0,0.0
DNK,9.438728280487805,11.3,1.3261266995442236,1.30444698287318,13.008016818756994,8.3,61360.0,355582262000.0,0.774,56.0,138.0,19.1,0.5655632430894436,0.0012033934765980701,5806081.0,3.0,0.0,3.0,2.0,5.0,2.0,1.0
DOM,26.91764756852792,19.0,1.1689378357080606,1.3633357527734073,0.3329824026319516,8.6,8282.0,88941298257.0,0.492,18.8,224.501,13.7,0.059152164325937985,0.00040413336991182815,10847904.0,1.0,2.0,2.0,2.0,5.0,3.0,2.0
DZA,27.25419538657172,14.2,5.469628548325901,6.621854404289135,,6.7,3948.0,169988236398.0,0.523,28.0,18.411000000000005,15.6,0.0061702067154936315,0.00015687198135743317,43851043.0,4.0,2.0,1.0,2.0,0.0,3.0,2.0
ECU,16.337338382022473,13.0,1.4624772154078294,1.5477484019862175,0.19930163137200058,5.5,6183.0,107435665000.0,0.602,-1.0,71.038,7.1,0.056670271483518164,0.0020338875455844963,17643060.0,2.0,0.0,3.0,2.0,0.0,3.0,2.0
EGY,24.270150388832487,27.7,4.1569707458518845,5.363480785309966,,17.2,3020.0,303175127597.0,0.486,27.0,102.802,25.2,0.005035921302047367,0.00024230365618100103,102334403.0,1.0,0.0,2.0,2.0,3.0,4.0,2.0
ERI,18.893864,23.9,,,,5.1,,,,15.483333,35.113,5.7,0.0028657011690921596,2.9043315990996007e-05,3546427.0,4.0,2.0,3.0,2.0,0.0,3.0,2.0
ESP,15.152451324543609,9.9,2.783754748712315,2.743920129424382,,6.9,30326.0,1418587740000.0,0.743,40.2,93.1,29.3,0.28493723296687096,0.002413423422770834,46937060.0,3.0,2.0,2.0,2.0,5.0,4.0,2.0
EST,7.366543714430894,17.0,1.0248086520394193,1.0496450009878078,2.8260200740013754,4.2,23246.0,30722303000.0,0.747,59.0,30.4,31.3,0.4525867665041289,0.0020085747497773283,1324820.0,2.0,0.0,2.0,2.0,5.0,2.0,1.0
ETH,20.17368521419976,18.3,12.476544921988973,1.3212056980275824,0.05471036858689416,4.3,857.0,96107662398.0,0.385,9.0,114.964,4.4,0.004291506815684407,6.586433549135294e-05,114963583.0,2.0,0.0,3.0,2.0,0.0,3.0,1.0
FIN,3.648379547112462,10.2,6.053408066449577,6.25515436426374,2.3675184699030547,5.6,50150.0,276654540000.0,0.814,65.0,18.1,20.4,0.2315135470455438,0.0010616321116710848,5517919.0,3.0,0.0,2.0,2.0,5.0,1.0,1.0
FJI,26.11099206402439,30.6,11.072899562047379,11.307869123527436,0.9423039131006847,14.7,6220.0,5535548972.0,,-18.0,49.066,22.6,0.07608618050876574,0.0009794253740334031,896444.0,3.0,2.0,3.0,2.0,0.0,2.0,2.0
FRA,12.691252012195122,10.6,1.2771018836312125,1.2984221669611,5.006193568114682,4.8,41300.0,2776646200000.0,0.765,47.0,105.6,32.7,0.503874605723201,0.0023076756748400154,67012883.0,3.0,0.0,3.0,2.0,5.0,4.0,2.0
FRO,7.6152326158536585,,5.434266950689748,5.012750474737582,36.119922234728335,4.7,58622.0,2833300519.0,,61.969944,35.004,,0.7092602066919063,0.0005730072649135373,48865.0,1.0,0.0,3.0,2.0,0.0,0.0,1.0
FSM,,26.1,,,,11.9,3568.0,401932300.0,,12.0,164.31599999999997,,0.0863581432955721,0.00026082193686370315,115021.0,[],[],[],[],[],[],[]
GAB,26.70910916751269,14.4,2.0998645264503444,2.3619771347028014,4.691898061617991,6.0,7667.0,16657960228.0,0.453,-0.683331,8.638,,0.021866104034275528,0.00013748310665094747,2225728.0,3.0,2.0,3.0,2.0,0.0,3.0,2.0
GBR,9.176960460913707,10.9,1.24894459662743,1.2777867508229745,9.436534462750153,3.9,43070.0,2860009176200.0,0.781,54.6,273.8,22.3,0.3534282325691772,0.0028362219206137544,66647112.0,3.0,0.0,2.0,2.0,5.0,3.0,2.0
GEO,,24.9,1.190989907481899,1.4425192022063555,7.725481010750581,5.8,4769.0,17743195770.0,0.6140000000000001,,57.406,28.8,0.4417469777585591,0.004236464933225542,3989175.0,1.0,0.0,2.0,2.0,0.0,2.0,2.0
GGY,12.459605725888325,,7.369636211477198,6.958737924606979,,,,,,49.4558,,,0.4897907579493015,0.0009798343763828307,63276.0,[],[],[],[],[],[],[]
GHA,27.528307558282208,20.8,6.850242750283767,7.175756979609893,0.10425952116055193,2.5,2202.0,66983634223.0,0.439,8.0,136.56,3.9,0.005426457003029485,4.6954030266522854e-05,31072945.0,1.0,0.0,2.0,2.0,0.0,4.0,2.0
GIB,18.969172778680203,,5.094416409830469,4.792069466715169,15.256299902050992,,,,,36.13775,3369.1,,0.5956783710783295,0.0032056038704698585,33691.0,[],[],[],[],[],[],[]
GIN,27.60313466595289,22.4,1.2784087361919545,2.241956204641825,,2.4,1064.0,13590281808.0,0.374,10.0,53.446,,0.0028670217269869194,3.418922647979196e-05,13132792.0,1.0,2.0,3.0,2.0,0.0,3.0,2.0
GMB,28.762154897148676,20.4,4.951268245870312,4.92756260609449,,1.9,751.0,1763819047.0,0.397,13.5,238.801,15.5,0.005137247047996743,0.00015393120433788066,2416664.0,1.0,0.0,3.0,2.0,0.0,3.0,2.0
GNB,28.152829087576375,20.0,4.323871043170466,6.2159933597493495,0.19817093310054176,2.4,697.0,1340389410.0,,12.0,69.986,,0.0044695167373137576,8.892285459639694e-05,1967998.0,[],[],[],[],[],[],[]
GNQ,26.87237275634518,22.0,1.9238546673744406,2.38500524401792,1.1287621490153947,6.0,8131.0,11026774945.0,,1.5,50.017,,0.012041468725610039,0.0001304361771508605,1402985.0,[],[],[],[],[],[],[]
GRC,17.799187490853658,12.4,1.213132486804886,1.2196430997855334,7.584653765073603,4.7,20296.0,217962048000.0,0.681,38.5,82.5,43.4,0.4511880584066593,0.0030671543057227595,10724599.0,3.0,2.0,3.0,2.0,0.0,2.0,2.0
GRD,27.347861866396762,21.4,3.7893478112463352,3.95165584155888,5.664821052444475,10.7,10965.0,1228170370.0,,12.116667,330.938,,0.1730641047289791,0.002097423546245523,112519.0,3.0,0.0,3.0,2.0,5.0,3.0,0.0
GRL,-29.12256410153846,,5.173200052593299,5.3199365444233075,,2.1,54470.0,3051626389.0,,72.0,0.138,,0.21086098781089269,0.0003699006552525893,56772.0,4.0,0.0,3.0,2.0,0.0,2.0,1.0
GTM,22.913536382892058,14.9,1.0588168774753974,1.2831310922301022,0.30682775729304257,10.0,4619.0,76710385879.0,0.46,15.5,167.185,,0.06209962542631221,0.0010987092956644912,17915567.0,1.0,0.0,2.0,2.0,0.0,3.0,2.0
GUF,26.147190288032455,,,,,,,,,3.99886,3.634,,0.3141702546521049,0.00136934934144006,298682.0,[],[],[],[],[],[],[]
GUM,28.031992495951414,,,,2.3121315070784854,18.7,35712.0,5920000000.0,,13.5,312.561,,0.2883524999555642,0.0023343583180770577,168783.0,4.0,0.0,3.0,2.0,5.0,3.0,2.0
GUY,27.534792798780487,30.5,4.765069282890796,4.751866137089623,,11.6,5468.0,4280443645.0,0.495,5.733333,3.996,,0.09053230590457931,0.0016260700087342463,786559.0,4.0,2.0,1.0,2.0,0.0,3.0,2.0
HKG,24.00250925101626,,1.5833094408520068,1.6228223066957832,,4.5,48755.0,366029556273.0,0.822,22.278333,7139.989,,0.002059627146261939,2.8811570726803883e-05,7496988.0,3.0,1.0,3.0,2.0,5.0,2.0,2.0
HND,26.184472121703855,14.0,7.531193561623035,7.880065820168043,,7.3,2574.0,25095395475.0,0.49,14.633333,88.521,2.0,0.04600575812793399,0.001109483585821872,9904608.0,1.0,2.0,3.0,2.0,0.0,3.0,2.0
HRV,12.593652152284264,16.7,1.0971241676778094,1.1067843772493122,1.2642544385934207,5.4,14868.0,60917594400.0,0.723,45.25,73.2,37.0,0.29978735336385487,0.004125609690877341,4076246.0,3.0,0.0,3.0,2.0,0.0,3.0,1.0
HTI,27.18986447165992,26.5,0.26227458360301126,0.41963424559554735,0.02622224377688712,6.7,754.0,8498981820.0,0.446,19.0,413.735,12.7,0.0029556590627714033,7.515873885214803e-05,11402533.0,2.0,2.0,3.0,2.0,0.0,3.0,2.0
HUN,12.209712984756099,23.0,1.7244773878658626,1.748321402709826,1.6300134204952645,6.9,16166.0,157862996000.0,0.703,47.0,107.1,30.6,0.21185866095500594,0.004851139228279106,9772756.0,4.0,0.0,2.0,2.0,5.0,2.0,2.0
IDN,27.8061144949187,26.4,1.269494137770361,1.499782932275895,0.5105406484409925,6.3,4135.0,1119190780752.0,0.535,-2.0,150.987,39.4,0.023408164810745907,0.0005770945829939858,273523621.0,3.0,2.0,1.0,2.0,0.0,4.0,2.0
IMN,10.422372473096447,,2.986753007680043,2.9361793386126696,,,80989.0,6770532818.0,,54.235,149.179,,0.44698466459685765,0.0013641923040737605,85032.0,[],[],[],[],[],[],[]
IND,26.860736388211382,23.3,1.22801790069212,1.265991868927313,0.7645574448048543,10.4,2104.0,2875142314811.0,0.44,22.8,464.149,11.5,0.03225821561429314,0.000382788638747695,1380004385.0,3.0,2.0,2.0,2.0,0.0,4.0,2.0
IRL,10.143513831472081,10.3,1.3364800853651397,1.351372753103358,3.0427625333839896,3.2,78706.0,382365076000.0,0.806,53.333333,70.9,24.3,0.33861209891848687,0.0016110549239025823,4904240.0,3.0,0.0,2.0,2.0,0.0,3.0,2.0
IRN,19.101472334349594,14.8,4.361957356652088,4.7172091838263235,0.7055405325121173,9.6,5520.0,445345282122.0,0.591,32.0,51.575,11.0,0.0897808891181621,0.0017173226425316896,83992953.0,3.0,2.0,2.0,2.0,0.0,3.0,2.0
IRQ,26.45008094410569,21.3,2.8374326130585352,3.5412980588222416,0.6501236284968519,8.8,5955.0,234094042938.0,0.398,33.0,92.61,,0.061122725256556015,0.0006301944958522348,40222503.0,3.0,2.0,3.0,2.0,5.0,4.0,2.0
ISL,3.293784716751269,9.1,5.796724767371087,6.057228015621747,4.570349488374428,5.8,66944.0,24188035738.0,0.74,65.0,3.5,14.7,0.5750397068833668,0.0005966536971520291,356991.0,3.0,0.0,3.0,2.0,5.0,2.0,1.0
ISR,21.625882881218274,9.6,1.1266183458291865,1.2299390227218356,7.005031215797324,9.7,43641.0,395098666121.0,0.763,31.0,399.979,25.2,0.5368667308028464,0.0013479226775079687,8655541.0,4.0,0.0,2.0,2.0,5.0,2.0,2.0
ITA,16.332794087398373,9.5,1.2277285115131282,1.2911310322746505,4.337282907907571,5.0,34456.0,2083196780000.0,0.769,42.5,202.9,23.7,0.3663782196108632,0.0029235475031571642,60359546.0,3.0,2.0,3.0,2.0,5.0,4.0,2.0
JAM,27.33280638821138,14.7,0.8772030863385423,0.9804437341474335,0.4106527171513765,11.3,5582.0,16458071067.0,0.544,18.18,273.422,16.8,0.05096278115239259,0.001109699877851964,2961161.0,2.0,2.0,3.0,2.0,0.0,3.0,2.0
JEY,12.33861721928934,,6.522964239551917,3.775613959500215,,,,,,49.19,,,0.5618009478672986,0.0012985781990521327,105500.0,[],[],[],[],[],[],[]
JOR,21.237732264227642,19.2,2.113407758601297,2.2185838013357224,2.736872905495188,12.7,4330.0,43743661971.0,0.562,31.2,114.926,,0.17075684544169736,0.0013832996508917842,10203140.0,3.0,0.0,3.0,2.0,0.0,2.0,2.0
JPN,17.113576174796748,8.4,1.4964450391231163,1.4788525207221899,0.48850195137340713,5.6,40246.0,5081769542379.0,0.844,35.0,346.934,22.1,0.15657466467000522,0.0003413204376738634,126476458.0,4.0,1.0,1.0,2.0,0.0,1.0,1.0
KAZ,6.699074272634792,26.8,1.3071352743420053,1.3319878943801662,1.4241152621350417,6.1,9731.0,180161741180.0,0.746,48.0,6.955,24.0,0.07893258386574387,0.0010143951226378512,18776707.0,3.0,0.0,1.0,2.0,5.0,3.0,2.0
KEN,21.79735345194274,13.4,0.7398520173564056,0.9036903794067643,0.06169769407455845,3.1,1816.0,95503088538.0,0.518,0.1,94.478,10.7,0.006291609092582846,0.00010553957222533211,53771300.0,1.0,2.0,3.0,2.0,0.0,3.0,2.0
KGZ,11.096653082317072,24.9,0.5190292854536908,0.6141842377670901,,6.1,1309.0,8454619607.0,0.58,41.0,34.016,26.5,0.031562533960149235,0.0004584476450796735,6524191.0,1.0,0.0,3.0,2.0,0.0,3.0,2.0
KHM,28.012250301829265,21.1,2.028219359564988,2.0672026489520294,0.3616657535492476,6.4,1643.0,27089389786.0,0.493,12.6,94.714,17.2,0.008238485490524507,0.0001827863688500925,16718971.0,2.0,0.0,1.0,2.0,0.0,3.0,2.0
KIR,28.27875636788618,28.4,27.565003531007367,36.472768579855945,,22.5,1655.0,194647201.0,0.479,1.466667,147.464,47.0,0.028715905095189457,0.00010883579190596588,119446.0,4.0,0.0,1.0,2.0,0.0,0.0,0.0
KNA,27.141183998987856,,7.638708486580347,8.58542028266799,4.738464188163149,13.3,19896.0,1050992592.0,,17.271667,204.585,,0.12287562039404422,0.0008647916979996992,53192.0,[],[],[],[],[],[],[]
KOR,13.85902794207317,7.8,1.541774250521805,1.5559188201938718,2.2767695832881794,6.9,31761.0,1642383217167.0,0.845,36.0,527.298,23.3,0.4732759248377334,0.000539602903365946,51269183.0,2.0,0.0,3.0,2.0,0.0,3.0,2.0
KWT,28.121803579268292,17.4,12.65834558466459,12.693615630047288,2.6339732678075007,12.2,32031.0,134761198945.0,0.576,29.166667,239.65,22.5,0.1540183343507636,0.0006001550615223332,4270563.0,4.0,0.0,3.0,2.0,5.0,3.0,2.0
LAO,27.34468594512195,27.0,5.619221490415476,6.27949967844382,0.5283675791166698,6.4,2534.0,18173839128.0,0.452,18.2,31.523000000000003,28.9,0.029572585242969747,0.00010404703090732859,7275556.0,4.0,0.0,2.0,2.0,0.0,3.0,2.0
LBN,19.76007663857868,17.9,0.8832765006650889,0.9798273944024506,2.485364945700848,11.2,7784.0,53367042272.0,0.538,33.833333,667.199,33.8,0.1777467305414067,0.001560338509945583,6825442.0,2.0,2.0,2.0,2.0,0.0,3.0,2.0
LBR,26.160455606811144,17.6,24.29931435584624,23.639726983015297,,2.4,621.0,3070518100.0,0.319,6.533333,52.509,9.8,0.0015677157714895594,5.81294535020722e-05,5057677.0,2.0,0.0,3.0,2.0,0.0,3.0,1.0
LBY,25.133611105714284,20.1,1.8412947263196882,3.0757628871104354,0.5056732917413396,10.2,7683.0,52076250947.0,,27.0,3.905,,0.07377206045970719,0.0009367968475192493,6871287.0,2.0,0.0,1.0,2.0,0.0,3.0,2.0
LCA,27.328265248987854,18.8,1.097321229217607,1.555232094525997,1.215183098219002,11.6,11611.0,2122450629.0,,13.883333,301.031,,0.1577038485206585,0.002140184829193646,183629.0,[],[],[],[],[],[],[]
LIE,9.133012950253807,,1.0841360430099818,1.0941705161741253,3.411055363974691,9.4,173356.0,6552858738.0,,47.145,242.1,,0.5052373755797592,0.0022408671634790767,38378.0,3.0,1.0,3.0,2.0,0.0,2.0,2.0
LKA,25.698068049847407,17.4,2.170270113501524,2.1032991746993837,0.42758600176904266,10.7,3853.0,84008783756.0,0.584,7.0,341.465,13.0,0.031313275658762685,0.0007816188574831005,21413250.0,2.0,1.0,3.0,2.0,5.0,3.0,2.0
LSO,13.82761355747711,26.6,25.456243009692603,22.707240594919444,0.25813956527990173,4.5,1157.0,2460072443.0,0.371,-29.55,70.562,26.7,0.016005119845844466,0.00032862613735452223,2142252.0,1.0,2.0,1.0,2.0,0.0,4.0,2.0
LTU,8.663828026422763,20.7,1.1485315738006328,1.1588160527838685,3.7957649508517184,3.8,19116.0,53411968400.0,0.712,55.2,44.7,28.8,0.44104718944779586,0.0033286998995055443,2794184.0,2.0,0.0,2.0,2.0,5.0,2.0,2.0
LUX,9.618800807497466,10.0,1.3823860994081907,1.4060808344984967,6.59904925815046,5.0,116348.0,70862634400.0,0.692,49.77,235.1,23.5,0.46999481995263026,0.0018341928736882915,613894.0,3.0,0.0,3.0,2.0,5.0,2.0,1.0
LVA,8.34278706097561,21.9,1.2168276373479212,1.2236451395772245,4.477124668054133,5.0,17818.0,34398215400.0,0.724,57.0,30.4,37.0,0.47500895848264135,0.0031068226137102284,1919968.0,2.0,0.0,2.0,2.0,5.0,2.0,2.0
MAC,23.98368113313008,,2.3475207702889964,2.3576905645433066,,4.3,84096.0,53859116535.0,0.759,22.166667,21717.124,,0.0012212362668670748,9.240123078439404e-06,649342.0,3.0,0.0,3.0,2.0,0.0,2.0,0.0
MAR,20.45563893495935,12.4,2.742448777262387,2.643671204058872,0.4070749981485756,7.0,3204.0,118725279596.0,0.5,32.0,82.703,23.4,0.034264207005486075,0.000440957841926963,36910558.0,3.0,2.0,3.0,2.0,0.0,3.0,2.0
MCO,15.267924224593495,,20.500502984671154,22.629878618941472,,2.9,185829.0,7188238072.0,,43.731111,26338.255,,0.3687442666394863,0.0016053409438385486,39244.0,2.0,0.0,3.0,2.0,5.0,3.0,1.0
MDA,11.658083132994923,24.9,1.01017574603723,0.9422085693503518,1.2848081207122208,5.7,4498.0,11955435456.0,0.58,47.25,122.799,24.2,0.1445682570712721,0.0029271463322792005,4033963.0,1.0,0.0,2.0,2.0,0.0,2.0,2.0
MDG,19.673244125,22.9,1.8433832283311784,1.40910816700682,0.022212199246714217,4.5,522.0,14083906356.0,0.374,-20.0,47.596,,0.0024069897897220755,5.0919036240594826e-05,27691019.0,4.0,2.0,3.0,2.0,0.0,4.0,0.0
MDV,28.900444136178862,13.4,2.4278903625042405,2.0987850740210408,5.826991460855249,9.2,10790.0,5729248472.0,,4.18,1801.807,28.3,0.34218617609732455,0.0005697984615441539,540542.0,[],[],[],[],[],[],[]
MEX,19.460286340447155,15.7,1.8234988735248472,2.1125425757430567,0.15603491162380143,13.5,9863.0,1258286717124.0,0.607,23.0,66.325,14.0,0.02683585538854335,0.00021609674712183864,110991953.0,1.0,2.0,1.0,2.0,0.0,4.0,2.0
MHL,28.148458660569105,,1.140823342014672,1.4074287969420138,2.4449652452490573,30.5,3788.0,221278000.0,,9.82,328.856,,0.25644490995709024,0.0002871912693854107,59194.0,[],[],[],[],[],[],[]
MKD,,20.3,2.9025812728533595,2.538685642118645,0.8991223448449706,9.3,6093.0,12694823394.0,0.534,,83.4,,0.16459666501695608,0.004581316931230177,2077132.0,[],[],[],[],[],[],[]
MLI,29.688854839632278,24.6,1.3957569045951561,1.754748917119071,0.029875312789586838,2.4,890.0,17510141171.0,0.317,17.0,16.596,12.3,0.0015991933961830905,3.6492324217363096e-05,20250834.0,1.0,0.0,3.0,2.0,0.0,3.0,2.0
MLT,19.085646395325206,10.8,1.6232831471535087,1.595204834077998,5.302027210248922,8.3,30090.0,14606972200.0,0.701,35.883333,1548.3,25.5,0.23168050830802397,0.0016269584791281286,493559.0,3.0,0.0,3.0,2.0,5.0,4.0,2.0
MMR,27.757955085452696,24.2,9.912189273691942,11.836551583586832,0.17755452987362663,3.9,1407.0,76085852617.0,0.473,22.0,83.286,20.3,0.01135345228471183,0.0003573621322661137,54409794.0,4.0,2.0,3.0,2.0,0.0,4.0,2.0
MNE,15.563459961382113,20.6,0.970957897430781,0.972261418232942,,9.0,8832.0,5494736901.0,0.615,42.766667,45.7,45.9,0.4465011845408578,0.00446493148307087,622182.0,[],[],[],[],[],[],[]
MNG,2.892723936927772,30.2,2.3466172105997356,2.1704981270027277,5.527100345205519,4.7,4295.0,13852850259.0,0.626,47.0,2.11,25.6,0.29942970302828426,0.0006497285781742444,3278292.0,4.0,1.0,3.0,2.0,0.0,2.0,2.0
MNP,28.515627339068825,,,,1.7031209756707828,,23258.0,1323000000.0,,16.705,125.124,,0.22855604009937974,0.0006949632538179543,57557.0,[],[],[],[],[],[],[]
MOZ,24.038020354338844,18.4,8.897653911336088,8.78626160766691,0.054129711208655264,3.3,491.0,14934159925.0,0.361,-19.0,39.746,16.6,0.0073646071475249025,7.109163574271162e-05,31255435.0,1.0,0.0,1.0,2.0,0.0,3.0,2.0
MRT,29.767806333333336,18.1,4.1201094506067335,5.4585425791579585,0.12306602845657913,7.1,1677.0,7593752450.0,0.353,21.0,4.511,,0.013501632377421144,0.0002135640025292172,4649660.0,1.0,0.0,3.0,2.0,0.0,3.0,2.0
MSR,27.25267811133603,,8.227732503022343,8.693405347736215,,,,,,16.75,49.99,,0.265253050610122,0.0016003200640128026,4999.0,[],[],[],[],[],[],[]
MTQ,27.196851646761132,,,,,,,,,14.65,354.024,,0.5849972685968582,0.002760715760862324,375265.0,[],[],[],[],[],[],[]
MUS,23.157421531504063,22.6,18.146181089550435,17.46857444935993,,22.0,11203.0,14180444557.0,0.626,-20.2,626.4860000000001,21.6,0.20518459749309426,0.0008051789360786999,1271767.0,2.0,0.0,3.0,2.0,0.0,3.0,0.0
MWI,19.27135552974186,16.4,0.5703909600445088,0.6057647238792222,0.02091715483749077,4.5,411.0,7666704427.0,0.407,-13.0,202.906,14.5,0.004591856070753957,0.00013983305240393928,19129955.0,1.0,0.0,3.0,2.0,0.0,3.0,1.0
MYS,26.71046386280488,17.2,1.482715970362989,1.5031090343576679,2.030266049360709,16.7,11414.0,364701517787.0,0.622,3.780511,98.512,21.5,0.14740906557567815,0.0011115772582788758,32655400.0,3.0,2.0,3.0,2.0,0.0,3.0,2.0
MYT,27.039493035569105,,,,,,,,,-12.843056,727.501,,0.1472107267615546,0.0006854512065040889,272813.0,[],[],[],[],[],[],[]
NAM,19.843925421267894,21.3,1.4146844703226733,1.4705865690464224,0.5900394613456729,4.5,4957.0,12366527719.0,0.435,-23.0,3.086,21.4,0.06558461594165253,0.0016045394652951927,2540916.0,1.0,0.0,3.0,2.0,0.0,3.0,1.0
NCL,23.24381399898374,,9.191883456921584,9.263183622445386,,21.8,,,,-21.25,15.618,,0.2599801745063767,0.0010998595402306904,285491.0,[],[],[],[],[],[],[]
NER,31.40560673285568,20.0,3.8378086694904656,4.544304443187056,0.017691429738522942,2.4,554.0,12928145120.0,0.316,17.0,19.11,7.7,0.0003878275362177545,1.288902762035997e-05,24206636.0,2.0,0.0,3.0,2.0,0.0,3.0,0.0
NGA,27.05290505010225,22.5,1.9609648946589453,1.7567128328982229,0.0210230014650518,3.1,2229.0,448120428858.0,0.342,9.0,226.336,5.8,0.0012836787142685019,1.5300312016245573e-05,206139587.0,2.0,2.0,1.0,2.0,0.0,3.0,1.0
NIC,27.39884061280488,14.2,13.489329292595494,13.634720208863488,,11.4,1912.0,12520915291.0,0.531,13.0,55.049,,0.002262793842423203,3.683266828227228e-05,6624554.0,1.0,0.0,1.0,1.0,0.0,0.0,0.0
NLD,11.320110184771572,11.2,8.320553895637877,8.572334861793228,2.3675544162691518,5.4,52982.0,913366020000.0,0.8,52.316667,504.0,25.8,0.4861238723416739,0.0013088639425516354,17282163.0,3.0,1.0,2.0,2.0,5.0,2.0,2.0
NOR,6.062393036548223,9.2,1.2426932962377122,1.276177914631257,2.581369944212728,5.3,75419.0,403336363636.0,0.771,65.0,17.2,20.2,0.2742385250436732,0.0007578527280821408,5328212.0,2.0,0.0,2.0,2.0,0.0,2.0,0.0
NPL,22.67295942538071,21.8,3.027254947924939,3.344712734052843,0.3052125968408527,7.2,1071.0,30641380604.0,0.49,28.0,203.256,22.8,0.03429068139516175,0.0004123650058029692,29136808.0,2.0,1.0,3.0,2.0,0.0,4.0,2.0
NRU,,,69.44188049966156,64.56833425635345,,12.0,9396.0,118223430.0,,-0.533333,541.7,40.0,0.42551227616762044,9.230201218386561e-05,10834.0,[],[],[],[],[],[],[]
NZL,13.856612893292683,10.1,1.5057831627687792,1.552484969281053,1.728001494681519,6.2,42084.0,206928765543.0,0.767,-41.2,18.314,16.0,0.3619030851474825,0.0006127866488409001,4822233.0,4.0,0.0,2.0,2.0,0.0,2.0,0.0
OMN,27.211439261780104,17.8,7.359333299651577,6.467193998599299,,10.1,15474.0,76983094928.0,0.622,21.0,16.5,11.1,0.07793664774874663,0.0009062742454796929,5106622.0,4.0,0.0,3.0,2.0,0.0,4.0,2.0
PAK,24.7780598800813,24.7,2.0655136704163324,2.108611383217465,0.30458828722205183,19.9,1284.0,278221906022.0,0.389,30.0,286.546,20.1,0.007169936560631433,0.00013716184651064233,220892331.0,3.0,1.0,3.0,2.0,0.0,4.0,2.0
PAN,27.502115967479675,13.0,6.936151773232238,6.6998804459628225,1.7602607916541215,7.7,15731.0,66800800000.0,0.532,8.616667,58.041,6.1,0.22810820883069496,0.0019669655471626748,4314768.0,2.0,2.0,3.0,2.0,0.0,4.0,2.0
PER,25.122618641547863,12.6,1.7146678455078475,1.7508895781754028,,6.6,6977.0,226848050819.0,0.586,-9.4,25.759,4.8,0.14048152936687108,0.0073573566623569816,29381884.0,3.0,2.0,3.0,2.0,0.0,4.0,2.0
PHL,27.842772700611,26.8,3.1939321708770803,3.1744316992853254,0.3643881627744321,7.1,3485.0,376795508679.0,0.5480000000000002,12.0,367.512,24.3,0.03873553177525894,0.000618106860967341,100979303.0,3.0,2.0,3.0,2.0,0.0,4.0,2.0
PLW,26.678418797570853,,2.121421243537216,2.3172162791884214,,17.9,15859.0,283994900.0,,7.466667,39.33,15.6,0.3001326553172673,0.00033163829316825116,18092.0,[],[],[],[],[],[],[]
PNG,28.36939989946524,30.0,0.8939984836782734,0.809749894201355,,17.9,2845.0,24969611434.0,0.384,-6.3,19.757,36.3,0.005021891629476473,7.421459664757914e-05,8947027.0,2.0,0.0,2.0,2.0,0.0,3.0,2.0
POL,9.987311979695432,18.7,0.8352458180804735,0.9628393043646786,1.2667411105800759,6.1,15222.0,585705873800.0,0.747,52.0,123.6,28.0,0.164146837479405,0.003089473594949987,37972812.0,2.0,1.0,2.0,2.0,5.0,2.0,1.0
PRI,27.14387096153846,,,,1.2578363049941623,13.7,32873.0,104988600000.0,,18.25,322.53,,0.32996322758350694,0.0017662644537967869,2860840.0,3.0,0.0,3.0,2.0,0.0,3.0,2.0
PRT,17.105037375634517,11.1,9.970598591784217,10.901223734369518,5.069667777174175,9.8,23364.0,240597516000.0,0.776,38.7,113.0,22.7,0.5304722361454164,0.002427257919605255,10276617.0,3.0,0.0,3.0,2.0,0.0,3.0,2.0
PRY,23.97953986395939,17.5,2.0981907556839294,2.3097323862907104,0.49212475721722787,9.6,5414.0,38145288939.0,0.533,-23.5,17.953,13.4,0.10035793750604624,0.0027381588300364667,7132530.0,1.0,2.0,2.0,2.0,0.0,3.0,1.0
PSE,,,0.0,0.0,1.0640120255886305,9.5,3198.0,14615900000.0,0.554,,847.411,,0.1377593985669861,0.0011187090015791694,5101416.0,4.0,2.0,1.0,2.0,0.0,0.0,2.0
PYF,26.956517237804878,,10.081517036206183,10.044356790932133,,19.5,,,,-17.533333,76.75,,0.2726127075442144,0.002310397858343064,280904.0,[],[],[],[],[],[],[]
QAT,28.310608621951218,15.3,2.08702666956043,2.246285859145383,7.144131394574279,15.6,64781.0,183466208791.0,0.615,25.269535,248.153,20.6,0.15220057895357958,0.00023671843002228345,2881060.0,2.0,1.0,3.0,2.0,0.0,2.0,2.0
REU,23.157421531504063,,,,,,,,,-21.114444,358.123,,0.5301225946825003,0.0009873697096418215,895308.0,[],[],[],[],[],[],[]
RKS,11.741506766260164,,,,,,,,,42.55,,,0.14440701044812104,0.001693557894826284,1883018.0,1.0,2.0,3.0,2.0,0.0,4.0,1.0
ROU,8.815355646700509,21.4,0.8194715545719263,0.7935286391673405,,6.9,12390.0,241475766400.0,0.601,46.0,83.1,29.7,0.16725370339980647,0.00344495839131847,19414458.0,2.0,0.0,3.0,2.0,5.0,4.0,1.0
RUS,-4.106462652085453,25.4,1.245308520729265,1.3738205748193426,2.2746412502790054,6.1,11584.0,1699876578871.0,0.729,66.416667,8.911,39.3,0.13886373376103217,0.0026431522753433286,145934460.0,3.0,1.0,3.0,2.0,5.0,2.0,2.0
RWA,22.30894885380711,18.2,14.925336216708214,10.558181619830254,0.5210692882548548,5.1,801.0,10122472590.0,0.374,-1.940278,525.019,12.3,0.01022790784182065,0.00011318532614784088,12952209.0,2.0,2.0,3.0,2.0,0.0,3.0,2.0
SAU,28.00274295731707,16.4,2.838655430438333,1.307462623313827,1.4737376495497587,15.8,23139.0,792966838161.0,0.585,23.716667,16.195,15.6,0.023405299962799306,0.0002677668642785359,34813867.0,3.0,0.0,3.0,2.0,5.0,3.0,2.0
SDN,30.142630966839377,26.0,3.420074498087224,4.333851690239775,,22.1,441.0,18902284475.0,0.379,15.0,24.843,,0.0014430115129171253,0.00011313757590804991,43849269.0,1.0,0.0,3.0,2.0,0.0,0.0,0.0
SEN,30.227242877800407,18.1,1.356118638548749,0.7789350306838707,0.08289774294552016,2.4,1446.0,23578084052.0,0.418,14.366667,86.968,8.2,0.0052693722441505665,0.00011753513064137273,16743930.0,3.0,0.0,3.0,2.0,0.0,3.0,1.0
SGP,27.513703648373987,9.3,1.3909800791347946,1.3829250953950496,16.203401158778988,5.5,65233.0,372062527488.0,0.884,1.3,8357.633,16.5,0.3191553042274615,0.0002741719588065178,5850343.0,3.0,1.0,3.0,2.0,5.0,4.0,1.0
SLB,27.34444632926829,23.8,6.122769610732693,8.868823866829336,,19.0,2127.0,1425074225.0,0.44299999999999995,-9.466667,24.54,,0.03136510413785272,0.000222746979813009,686878.0,[3. 4.],0.0,1.0,2.0,0.0,0.0,1.0
SLE,27.620660826552463,30.5,6.860364536225153,8.275475121125453,0.010804153825380745,2.4,504.0,3941474310.0,0.3509999999999999,8.5,110.515,24.8,0.0009714196529139768,1.567008086388529e-05,7976985.0,1.0,0.0,3.0,2.0,4.0,3.0,2.0
SLV,26.599698012195123,14.0,3.948551793525359,3.879504283819973,0.4523107788294255,8.8,4187.0,27022640000.0,0.501,13.668889,313.041,9.9,0.031109890057369482,0.0006518453560103981,6486201.0,1.0,0.0,3.0,2.0,0.0,4.0,2.0
SMR,15.587436632113821,,6.752461799271888,6.463256526607342,,5.9,48481.0,1637931034.0,,43.933333,565.633,,0.6055748718250928,0.003476928516706936,33938.0,1.0,0.0,2.0,2.0,0.0,3.0,2.0
SOM,,21.8,2.495528758184661,3.205519774048151,,5.1,,,,6.0,25.334,,0.001711232947837691,8.563400529496259e-05,15893219.0,1.0,1.0,3.0,2.0,0.0,3.0,1.0
SRB,11.282407389227641,19.1,2.1378163946863027,2.0366171493520855,1.6744100531988364,9.0,7402.0,51409167350.0,0.755,43.95,91.0,38.9,0.3338308133360062,0.0024190940416705677,6963764.0,1.0,1.0,3.0,2.0,5.0,3.0,2.0
SSD,,19.8,3.043339780221317,2.6642322275612624,0.061906510858209356,10.2,1119.0,11997800760.0,0.302,7.0,18.322,,0.0015883893562190043,1.2328331336232993e-05,11193729.0,2.0,0.0,1.0,2.0,0.0,3.0,2.0
STP,27.214762060020345,18.5,11.21216043311961,12.893717404100183,2.14180442688252,2.4,1994.0,429016605.0,,0.316667,228.293,,0.028184759149666228,0.00034677702693453673,219161.0,[],[],[],[],[],[],[]
SUR,27.395884661241098,21.7,1.9211296992673457,1.9510118992931103,0.6522883867190538,12.5,6854.0,3985250737.0,,4.0,3.76,25.0,0.13820883208269552,0.0023592222748766694,586634.0,4.0,2.0,1.0,2.0,0.0,4.0,2.0
SVK,4.950156525888325,17.2,0.8244568051354842,0.9039953432628176,11.204803501440558,6.5,19470.0,105870732800.0,0.694,49.0,111.8,30.1,0.33729376134430716,0.0037476004147202575,5450421.0,2.0,0.0,3.0,2.0,5.0,3.0,2.0
SVN,11.259329613197968,12.7,1.1366016824552485,1.2147713681988965,10.121832331624608,5.9,26078.0,53990687600.0,0.788,46.0,102.9,22.5,0.5523377294911644,0.003936262439281314,2080908.0,2.0,0.0,2.0,2.0,0.0,2.0,2.0
SWE,5.84765150964467,9.1,8.709913188843991,8.813152832333527,2.495617730076354,4.8,54634.0,556025322000.0,0.8,61.0,25.0,18.8,0.2520502806156487,0.001955585358427047,10230185.0,3.0,1.0,2.0,2.0,5.0,0.0,2.0
SWZ,20.02010415352261,26.7,6.588313212204317,5.8865600035857,0.2870283856420299,4.5,3837.0,4405405802.0,0.409,-26.483333,67.451,9.0,0.06324450681110602,0.0012256887819308304,1160164.0,1.0,2.0,2.0,2.0,0.0,4.0,1.0
SXM,27.449676467611337,,7.880667308199341,6.579041298903778,,6.8,,,,18.031944,1261.235,,0.25313651415512334,0.0020288232824961522,42882.0,[],[],[],[],[],[],[]
SYC,,21.2,10.19378472771463,9.045679106501256,,12.3,17401.0,1698843062.0,0.678,-7.1,213.783,21.5,0.4714053284523083,0.001718527557453732,98340.0,3.0,0.0,[2. 3.],2.0,5.0,3.0,2.0
SYR,20.032687539634146,21.8,2.8824317852752612,3.8181618501003083,,13.5,,,,35.216667,95.304,,0.0032682772995322406,0.0001807360717943332,17500657.0,1.0,0.0,1.0,2.0,0.0,0.0,2.0
TCA,26.874957712690357,,22.782348171954624,29.829241474987636,,,27142.0,1022312010.0,,21.78,40.756,,0.16478123870034608,0.0009298000929800093,38718.0,[],[],[],[],[],[],[]
TCD,31.9324235627907,23.9,4.774990829213651,4.639112521498285,,6.0,709.0,11314951342.0,0.293,15.466667,13.045,,0.00046012814307002146,1.1749766024413091e-05,16425859.0,2.0,0.0,1.0,2.0,0.0,4.0,0.0
TGO,27.45452615392457,23.6,4.535905912154654,6.209255339738544,0.11652304020063203,2.4,675.0,5459979416.0,0.413,8.25,152.211,7.4,0.004671969247479325,3.4304753769174426e-05,8278736.0,2.0,0.0,2.0,2.0,0.0,4.0,2.0
THA,28.963727036585365,14.5,1.491888013020999,1.5757138973137697,0.40176030634590876,7.0,7808.0,543649976165.0,0.604,14.0,136.624,19.9,0.0669242188013297,0.0004669199179403753,69799978.0,3.0,1.0,2.0,2.0,0.0,3.0,2.0
TJK,10.240235380020598,25.3,9.396126918670474,8.961272590863189,,6.1,870.0,8116626794.0,0.533,38.583333,68.145,,0.001864821514584003,1.3105964765714628e-05,9537642.0,3.0,0.0,1.0,2.0,0.0,3.0,0.0
TLS,27.879573180894308,19.9,9.559626862100899,10.368934476964037,0.771449264443268,6.7,1294.0,1673540300.0,0.434,-8.966667,88.665,42.6,0.01762459023605134,0.00010466899567823234,1318442.0,4.0,0.0,1.0,2.0,0.0,3.0,0.0
TON,25.342062400817994,23.3,20.940824743759773,23.904449241024544,,15.7,4364.0,450353313.0,0.512,-20.587778,146.801,27.9,0.15309800656593847,0.00011353207754240896,105697.0,4.0,2.0,1.0,2.0,0.0,0.0,1.0
TTO,27.344328128672746,21.3,1.2396983840802598,1.2404789816489796,1.0107997089951997,11.0,17276.0,24100202833.0,0.613,10.666667,272.805,,0.1297378832732758,0.002983942018919736,1399491.0,4.0,0.0,1.0,2.0,0.0,4.0,2.0
TUN,21.333501751016257,16.1,1.7408746317094363,2.3020869477744443,0.8229626808648911,8.5,3317.0,38797709923.0,0.508,34.0,76.072,32.7,0.09689483152767946,0.0024743163710003995,11818618.0,2.0,0.0,1.0,2.0,0.0,3.0,2.0
TUR,13.68239925101626,16.1,1.1605375655945847,1.2052704072259928,2.499644700911566,11.1,9042.0,754411708202.0,0.626,39.0,106.2,27.2,0.2055071246505135,0.001232478238042438,82003882.0,1.0,0.0,2.0,2.0,0.0,4.0,2.0
TWN,24.53811977743902,,2.290602407847501,2.073885233868464,0.6156952400146535,,,,,24.0,672.6,,0.2456146140692852,0.00043763271895544214,23816775.0,3.0,0.0,3.0,2.0,0.0,3.0,0.0
TZA,22.02761764089522,17.9,12.40096344228502,13.712636369155256,,5.7,1122.0,63177068174.0,0.4,-6.307,67.435,14.8,0.0006571275995550489,1.4145997035233392e-05,59734213.0,1.0,0.0,3.0,1.0,0.0,0.0,0.0
UGA,23.493209962360122,21.9,3.565553027676724,3.068403061312191,0.07883488324605546,2.5,776.0,34387229486.0,0.382,1.28,228.922,10.0,0.003694737762619969,7.931614962506285e-05,45741000.0,1.0,2.0,1.0,2.0,0.0,3.0,2.0
UKR,10.515735918450561,24.7,1.016117532823732,1.001904691827047,0.6453216075582997,6.1,3659.0,153781069118.0,0.647,49.0,75.492,28.9,0.11653233375159908,0.0024913248367239597,43733759.0,1.0,1.0,2.0,2.0,0.0,3.0,1.0
URY,17.50869014314721,16.7,1.623108348502242,1.599648617347475,2.3177117498288964,7.3,16190.0,56045912952.0,0.6,-33.0,19.848,16.8,0.28293702988173797,0.00214812505415653,3473727.0,4.0,0.0,3.0,2.0,0.0,2.0,2.0
USA,12.594429921052631,14.6,1.0885369615337244,1.2437195316395278,3.2828435644619165,10.8,65118.0,21374418877706.004,0.762,39.828175,36.185,21.8,0.27927418658981296,0.003036818614927874,331002647.0,3.0,1.0,3.0,2.0,5.0,3.0,2.0
UZB,16.12960829776423,24.5,3.883830575470253,4.693844077133047,,6.5,1724.0,57921286440.0,,41.0,78.677,12.6,0.007290464286283039,4.891064169178354e-05,33469199.0,3.0,0.0,1.0,2.0,0.0,3.0,1.0
VCT,27.495797476720647,23.2,1.9076988593340483,2.0333312302270454,0.6416351951832857,11.6,7463.0,825385185.0,,12.9,284.479,,0.08513975141283676,0.0010455442688851433,110947.0,[],[],[],[],[],[],[]
VEN,26.365186366869917,18.1,29.24110765689168,32.46658639033001,,7.0,,,,8.0,32.238,,0.019126251589405705,0.00020428371234250961,28435943.0,3.0,2.0,3.0,2.0,0.0,4.0,2.0
VGB,27.494226841093116,,10.378157483417235,5.886108438984199,,14.2,,,,18.445,201.58,,0.24159142772100406,0.0021166120977610214,30237.0,[],[],[],[],[],[],[]
VIR,27.494226841093116,,,,1.3758383071312645,12.3,35938.0,3855000000.0,,18.333333,298.351,,0.21997069611101003,0.0011779014201852083,104423.0,4.0,1.0,3.0,2.0,5.0,3.0,1.0
VNM,26.75855037601626,17.1,2.49113615890747,2.307489743865361,2.2216380908658153,6.0,2715.0,261921244843.0,0.666,16.0,313.925,22.8,0.11761044435997182,0.00044311308702737123,97338583.0,4.0,2.0,3.0,2.0,0.0,3.0,2.0
VUT,26.310782716463414,23.3,16.340424999060843,13.725713629094807,,11.9,3058.0,917058850.0,0.471,-16.633331,25.197,18.6,0.03881165554289435,4.558033534103858e-05,307150.0,4.0,0.0,1.0,2.0,0.0,0.0,0.0
WLF,26.90544075813008,,11.627526044347933,10.74697360094959,,,,,,-14.30181,80.329,,0.06766850435710475,0.0006224435354792816,11246.0,[],[],[],[],[],[],[]
WSM,27.066447161094224,20.6,27.172431083524277,24.43293750534138,,9.2,4315.0,850655017.0,,-13.745,70.11,27.7,0.08008164911042791,0.00014616198780303412,198410.0,[],[],[],[],[],[],[]
YEM,29.233084413441954,30.6,0.6452905959889271,0.769922284478909,,5.4,968.0,27591261663.0,0.369,15.5,56.492,18.4,0.0004000540736850519,7.225247475622585e-05,29825968.0,3.0,2.0,1.0,1.0,0.0,1.0,1.0
ZAF,17.463010450203253,26.2,0.7521650919499505,0.8641208154018979,0.5248945903125362,12.7,6001.0,351431649241.0,0.406,-29.0,48.891,20.3,0.0676964202041893,0.001721990487397378,59308690.0,1.0,2.0,3.0,2.0,0.0,3.0,1.0
ZMB,21.067936095124853,17.9,1.3959366373210558,1.6276865251590822,0.24487452716822916,4.5,1291.0,23064722446.0,0.396,-14.0,24.73,13.8,0.018126076890088293,0.0002185057449006079,18383956.0,2.0,0.0,3.0,2.0,0.0,3.0,1.0
ZWE,18.94657719850187,19.3,0.6644185625685896,0.8515123884701854,0.19841494302435356,1.8,1463.0,21440758800.0,0.441,-19.0,38.42,15.8,0.017287240931749177,0.00037650726535897003,14862927.0,1.0,2.0,3.0,2.0,0.0,3.0,2.0
