country_name,iso_3166_1_alpha_3,average_temperature_celsius,comorbidity_mortality_rate,cumulative_persons_fully_vaccinated,cumulative_persons_vaccinated,cumulative_tested,diabetes_prevalence,elevation_m,gdp_per_capita_usd,gdp_usd,human_capital_index,international_travel_controls,latitude,population_density,smoking_prevalence,stay_at_home_requirements,testing_policy
Afghanistan,AFG,16.720116,29.8,1957934.0,2077723.5,,9.2,1840.9117,502.0,19101354000.0,0.389,,34.418205,59.627,,,
Albania,ALB,14.793224,17.0,654580.9,755838.6,515812.03,9.0,,5352.0,15278078000.0,0.621,1,41.0,99.6,28.7,2,2
Algeria,DZA,26.17607,14.2,4872930.0,5589503.5,,6.7,,3948.0,169988240000.0,0.523,4,28.0,18.411,15.6,2,1
American Samoa,ASM,27.250763,,,,,,765.0,11466.0,636000000.0,,,-14.295833,275.985,,,
Andorra,AND,10.413497,,27899.275,32573.656,181496.14,7.7,,40886.0,3154058000.0,,2,42.558334,164.394,33.5,0,3
Angola,AGO,22.88934,16.5,2020198.4,3549836.2,1385368.9,4.5,,2973.0,94635420000.0,0.361,4,-12.35,26.363,,1,2
Anguilla,AIA,27.430387,,8128.75,8497.296,,,,,,,,18.227222,166.689,,,
Antarctica,ATA,-48.052166,,,,,,,,,,,-90.0,,,,
Antigua and Barbuda,ATG,27.073532,22.6,37284.676,42982.24,14077.0,13.1,,17790.0,1727759200.0,,,17.116667,222.564,,,
Argentina,ARG,18.667242,15.8,19735.934,27811.16,59448.0,5.9,520.7204,10006.0,449663430000.0,0.611,,-32.545128,16.515,21.8,,
Armenia,ARM,9.100195,22.3,375096.53,463218.38,972293.3,6.1,,4622.0,13672802000.0,0.572,,40.38333,104.083,24.1,,
Aruba,ABW,27.464996,,63952.555,74158.49,,11.6,31.0,29007.0,3056424700.0,,1,12.511063,593.144,,2,1
Australia,AUS,18.782454,9.1,2060852.0,3383131.0,4669207.0,5.6,508.125,54907.0,1392680600000.0,0.803,,-30.05,3.319,14.7,,
Austria,AUT,8.221192,11.4,588907.5,735779.9,8557330.0,6.6,521.97296,50810.8,91011770000.0,0.793,,47.672894,658.775,29.6,,
Azerbaijan,AZE,14.224894,22.2,2822876.0,3313442.5,4578796.5,6.1,,4793.0,48047650000.0,0.597,4,40.3,122.664,20.8,1,2
Bahamas,BHS,25.751465,15.5,83550.08,84256.21,182639.47,8.8,,32933.0,12827000000.0,,1,23.7,39.286,11.5,2,1
Bahrain,BHR,27.385277,11.3,929278.94,873930.56,3323688.0,15.6,,23503.0,38574068000.0,0.668,3,26.0675,2238.925,26.4,1,3
Bangladesh,BGD,25.498407,21.6,16989884.0,23866618.0,5150266.0,9.2,14.793103,1855.0,302571260000.0,0.479,,23.880785,1265.187,23.0,,
Barbados,BRB,27.35205,16.2,104612.22,111945.79,587378.0,13.4,,18148.0,5209000000.0,,2,13.17,668.305,7.8,2,2
Belarus,BLR,7.336713,23.7,1906554.0,2321833.2,5030484.5,5.0,,6663.0,63080456000.0,,3,53.52833,46.569,26.7,1,3
Belgium,BEL,10.630005,11.4,2617891.0,3062274.0,11490651.0,4.6,150.33333,45597.168,90406396000.0,0.757,,50.732594,959.35834,28.2,,
Belize,BLZ,27.615597,22.1,84508.94,109465.38,244632.6,17.1,,4815.0,1879613600.0,,1,17.066668,17.432,,2,2
Benin,BEN,27.360916,19.6,659746.3,690524.5,604310.0,1.0,,1219.0,14390709000.0,0.406,3,8.833333,107.513,6.4,0,2
Bermuda,BMU,22.260263,,32970.086,33645.35,,6.7,25.0,,,,2,32.333332,1245.46,,2,3
Bhutan,BTN,18.217285,23.3,441710.06,489038.72,553550.4,10.3,,3243.0,2446674200.0,,3,27.45,20.243,,1,3
Bolivia,BOL,21.485792,17.2,647642.0,872020.2,1269494.0,6.8,1502.8572,3552.0,40895324000.0,,,-17.282354,10.775,,,
Bosnia and Herzegovina,BIH,10.919319,17.8,309136.2,449873.8,626761.9,9.0,,6073.0,20047847000.0,0.618,1,44.0,64.33,38.9,0,2
Botswana,BWA,23.270287,20.3,298172.3,322700.56,763556.44,5.8,,7961.0,18340512000.0,0.424,1,-22.2,4.149,20.0,2,3
Bouvet Island,BVT,,,,,,,576.0,,,,,-54.42222,,,,
Brazil,BRA,23.861704,16.6,2615684.0,6909423.0,25280.959,10.4,443.94986,838648.0,919880140000.0,0.56,,-16.427912,25.431,13.9,,
British Indian Ocean Territory,IOT,28.171522,,,,,,,,,,,-6.0,,,,
British Virgin Islands,VGB,27.445679,,13688.875,16594.758,,14.2,,,,,,18.5,201.58,,,
Brunei,BRN,26.941664,16.6,156552.6,197899.45,,13.3,,31086.0,13469423000.0,,4,4.4,83.014,16.9,0,3
Bulgaria,BGR,11.66706,23.6,78366.3,155773.69,2129845.2,6.0,353.3158,9440.0,66182566000.0,0.676,,42.836273,63.9,37.0,,
Burkina Faso,BFA,28.730536,21.7,460927.22,526075.5,310826.16,7.3,,774.0,15745810000.0,0.369,1,12.266667,76.401,12.5,0,3
Burundi,BDI,22.489897,22.9,2678.65,2752.1924,1361861.0,5.1,,261.0,3012334800.0,0.38,2,-3.666667,463.037,,0,1
Cambodia,KHM,27.957644,21.1,7491413.0,8240761.0,1655497.1,6.4,,1643.0,27089390000.0,0.493,2,12.6,94.714,17.2,0,1
Cameroon,CMR,23.43458,21.6,182028.66,356251.5,,6.0,,1497.0,38760470000.0,0.394,1,7.0,56.157,,0,2
Canada,CAN,-0.8051199,9.8,6320838.5,8112497.0,4020837.8,7.6,,46194.0,298185060000.0,0.799,,55.360073,4.15,14.3,,
Cape Verde,CPV,24.662844,17.2,121371.98,191404.84,,2.4,,3603.0,1981845800.0,,1,15.916667,137.962,9.1,1,3
Caribbean Netherlands,BES,26.730827,,9200.5,12417.5,,,,,,,,12.183333,79.942,,,
Cayman Islands,CYM,27.403442,,38290.645,42781.516,,6.8,,85477.0,5485419500.0,,,19.5,273.833,,,
Central African Republic,CAF,,23.1,371919.06,328913.7,81873.664,6.0,,467.0,2220307500.0,,2,6.7,7.753,,2,1
Chad,TCD,30.26781,23.9,47845.97,116404.805,197002.0,6.0,,709.0,11314951000.0,0.293,2,15.466667,13.045,,0,1
Chile,CHL,13.958944,12.4,10622313.0,11514555.0,673270.25,8.6,398.98846,14896.0,282318140000.0,0.674,,-35.614635,25.71,37.8,,
China,CHN,12.379407,17.0,1117835600.0,1172021200.0,125000000.0,9.2,425.8,10261.0,3563210100000.0,0.673,3,33.626453,153.312,25.6,1,3
Christmas Island,CXR,25.152813,,,,,,234.0,,,,,-10.49,,,,
Cocos Islands,CCK,27.304605,,,,,,,,,,,-12.1175,,,,
Colombia,COL,22.96442,15.8,15032009.0,19429104.0,15318229.0,7.4,1140.0217,6432.0,323802800000.0,0.593,,5.6116586,45.861,9.0,,
Comoros,COM,27.231575,22.9,145522.92,190825.0,,12.3,,1393.0,1185728600.0,0.409,,-12.23333,467.273,14.0,,
Cook Islands,COK,25.546255,,10032.267,11225.117,,,,,,,,-21.233334,73.183,,,
Costa Rica,CRI,26.440916,11.5,1494650.6,1996287.5,912572.25,9.1,477.57144,12238.0,61773943000.0,0.619,,10.101666,99.767,11.9,,
Croatia,HRV,11.434593,16.7,1247141.6,1566159.2,1324861.4,5.4,,14868.0,60917596000.0,0.723,3,45.25,73.2,37.0,0,3
Cuba,CUB,25.971886,16.4,5996516.0,7319730.0,1525564.8,9.6,164.0,8821.0,100023000000.0,,,21.75553,106.413,35.2,,
Curaçao,CUW,26.925291,,76880.62,91241.08,,11.6,39.0,19573.0,3127908000.0,,,12.166667,369.595,,,
Cyprus,CYP,20.50962,11.3,421161.53,488010.97,6660247.0,9.0,,28674.0,24942617000.0,0.751,3,35.0,94.4,36.4,1,3
Czech Republic,CZE,8.206067,15.0,484595.44,589375.9,13729757.0,7.0,406.64285,21413.066,89941600000.0,0.782,,49.815464,297.24,34.3,,
Democratic Republic of the Congo,COD,25.672155,19.4,83894.69,158620.5,,6.0,240.0,545.0,47319626000.0,0.369,,-3.153227,39.506,,,
Denmark,DNK,8.7721615,11.3,2601157.2,2914857.8,22016156.0,8.3,,61360.0,355582250000.0,0.774,3,56.0,138.0,19.1,1,3
Djibouti,DJI,28.819252,19.6,46033.066,63101.35,282640.56,5.1,,3408.0,3318716400.0,,1,11.8,42.623,13.1,0,2
Dominica,DMA,27.18328,,21935.393,22325.574,,11.6,,8300.0,596033340.0,,2,15.416667,95.988,,0,3
Dominican Republic,DOM,26.986872,19.0,4261687.0,5289405.0,845268.0,8.6,254.5625,8282.0,88941300000.0,0.492,,18.906971,224.501,13.7,,
East Timor,TLS,27.924095,19.9,282119.62,410083.38,188712.52,6.7,,1294.0,1673540400.0,0.434,4,-8.966667,88.665,42.6,0,1
Ecuador,ECU,19.806852,13.0,5980703.5,7542044.5,1025761.0,5.5,1450.8,6183.0,107435660000.0,0.602,,-1.4211458,71.038,7.1,,
Egypt,EGY,23.351662,27.7,9062804.0,14090698.0,,17.2,,3020.0,303175140000.0,0.486,1,27.0,102.802,25.2,0,2
El Salvador,SLV,26.48596,14.0,2267369.0,2683643.5,637106.44,8.8,542.6,4187.0,27022640000.0,0.501,,13.733761,313.041,9.9,,
Equatorial Guinea,GNQ,27.009283,22.0,134690.23,183776.44,239086.66,6.0,,8131.0,11026775000.0,,,1.5,50.017,,,
Eritrea,ERI,18.893864,23.9,,,,5.1,,,,,4,15.483333,35.113,5.7,2,3
Estonia,EST,6.758543,17.0,463347.75,538768.5,134744.1,4.2,,23246.0,30722304000.0,0.747,,58.642708,30.4,31.3,,
Ethiopia,ETH,20.031776,18.3,,4680487.0,1846394.1,4.3,,857.0,96107660000.0,0.385,2,9.0,114.964,4.4,0,1
Falkland Islands,FLK,6.3831973,,1746.0,1778.5,,,,,,,,-51.75,0.286,,,
Faroe Islands,FRO,7.2553096,,24074.613,28410.922,712331.5,4.7,,58622.0,2833300500.0,,2,61.969944,35.004,,0,3
Fiji,FJI,26.165836,30.6,386472.72,467528.88,106411.14,14.7,,6220.0,5535549000.0,,3,-18.0,49.066,22.6,2,3
Finland,FIN,2.4285562,10.2,2767250.5,3298507.8,3858475.5,5.6,,50150.0,276654560000.0,0.814,3,65.0,18.1,20.4,1,2
France,FRA,12.7914505,10.6,742102.8,853933.1,2033781.2,4.8,922.3333,55873.0,1821309300000.0,0.765,,43.76997,514.3088,32.7,,
French Guiana,GUF,26.272722,,,,,,,,,,,3.99886,3.634,,,
French Polynesia,PYF,27.093658,,82895.96,93758.92,,19.5,,,,,,-17.533333,76.75,,,
French Southern Territories,ATF,,,,,,,,,,,,-43.0,,,,
Gabon,GAB,26.83705,14.4,60509.773,77168.46,1256866.4,6.0,,7667.0,16657960000.0,0.453,3,-0.683331,8.638,,2,3
Gambia,GMB,28.79657,20.4,176065.47,146793.25,112337.47,1.9,,751.0,1763819000.0,0.397,1,13.5,238.801,15.5,0,2
Georgia,GEO,,24.9,636544.1,764961.56,5410713.0,5.8,,4769.0,17743196000.0,0.614,3,,57.406,28.8,0,2
Germany,DEU,9.627513,12.1,6368430.0,7900933.5,46199556.0,10.4,249.74442,45742.35,464277270000.0,0.795,,50.701797,542.7055,30.6,,
Ghana,GHA,27.738522,20.8,1434852.8,1981963.5,849151.44,2.5,,2202.0,66983633000.0,0.439,1,8.0,136.56,3.9,0,3
Gibraltar,GIB,18.340174,,32166.95,33067.613,,,11.0,,,,,36.13775,3369.1,,,
Greece,GRC,16.946226,12.4,4351316.0,4698874.0,11745965.0,4.7,,20296.0,217962050000.0,0.681,3,38.5,82.5,43.4,2,3
Greenland,GRL,-29.122564,,20384.205,27330.672,,2.1,,54470.0,3051626500.0,,4,72.0,0.138,,0,2
Grenada,GRD,27.325188,21.4,20355.125,24974.125,,10.7,,10965.0,1228170400.0,,,12.116667,330.938,,,
Guam,GUM,27.99789,,,,,18.7,,35712.0,5920000000.0,,2,13.5,312.561,,1,3
Guatemala,GTM,23.975979,14.9,2140413.2,3305763.8,1220972.8,10.0,1271.0,4619.0,76710390000.0,0.46,,14.935718,167.185,,,
Guernsey,GGY,11.887654,,12690.125,25234.25,,,,,,,,49.4558,,,,
Guinea,GIN,27.831247,22.4,529658.5,997992.1,,2.4,,1064.0,13590282000.0,0.374,1,10.0,53.446,,2,2
Guinea-Bissau,GNB,28.105188,20.0,52136.97,271127.5,,2.4,,697.0,1340389400.0,,,12.0,69.986,,,
Guyana,GUY,27.613253,30.5,199083.64,307907.28,289503.0,11.6,,5468.0,4280443600.0,0.495,3,5.733333,3.996,,2,1
Haiti,HTI,27.266682,26.5,24657.21,52751.395,154529.5,6.7,193.0,754.0,8498982000.0,0.446,,19.018026,413.735,12.7,,
Heard Island and McDonald Islands,HMD,,,,,,,2745.0,,,,,-53.09354,,,,
Honduras,HND,26.255777,14.0,1667969.0,2014656.0,,7.3,,2574.0,25095395000.0,0.49,,14.719488,88.521,2.0,,
Hong Kong,HKG,23.433376,,2815832.2,3236511.8,12014646.0,4.5,7.0,48755.0,366029570000.0,0.822,3,22.278334,7139.989,,1,3
Hungary,HUN,10.987753,23.0,3732881.2,4381435.0,3370057.8,6.9,,16166.0,157863000000.0,0.703,4,47.0,107.1,30.6,0,2
Iceland,ISL,1.1352811,9.1,150608.42,181509.02,354108.56,5.8,,66944.0,24188035000.0,0.74,3,65.0,3.5,14.7,0,3
India,IND,24.982656,23.3,11213444.0,24053396.0,1026905.3,10.4,501.68353,2104.0,2875142400000.0,0.44,,23.005444,464.149,11.5,,
Indonesia,IDN,27.261488,26.4,49574940.0,75565210.0,25821486.0,6.3,305.48404,4135.0,1119190800000.0,0.535,,-3.1869442,150.987,39.4,,
Iran,IRN,17.693361,14.8,34903100.0,41440644.0,16940254.0,9.6,,5520.0,445345270000.0,0.591,3,32.0,51.575,11.0,2,2
Iraq,IRQ,23.867325,21.3,4317559.5,5662280.0,7661751.0,8.8,34.0,5955.0,234094030000.0,0.398,,33.364166,92.61,,,
Ireland,IRL,9.591909,10.3,2222723.2,2546501.8,4271229.5,3.2,,78706.0,382365070000.0,0.806,3,53.333332,70.9,24.3,0,2
Isle of Man,IMN,9.87269,,40710.46,53471.734,,,,80989.0,6770533000.0,,,54.235,149.179,,,
Israel,ISR,20.050629,9.6,29182.215,33113.273,14444938.0,9.7,215.16306,43641.0,395098650000.0,0.763,,32.181946,399.979,25.2,,
Italy,ITA,13.903801,9.5,2434376.2,2965753.0,4955696.5,5.0,496.26086,34187.816,189303690000.0,0.769,,42.909374,245.57236,23.7,,
Ivory Coast,CIV,26.66035,29.1,1453438.0,811280.94,515350.12,2.4,,2286.0,58792206000.0,0.353,1,8.0,82.951,,1,2
Jamaica,JAM,27.263807,14.7,444484.38,582850.94,319535.44,11.3,,5582.0,16458071000.0,0.544,2,18.18,273.422,16.8,2,3
Japan,JPN,15.011204,8.4,45773252.0,49760350.0,11048982.0,5.6,1148.0,40246.0,5081769400000.0,0.844,,35.383835,346.934,22.1,,
Jersey,JEY,11.731473,,63980.49,72711.664,,,,,,,,49.19,,,,
Jordan,JOR,20.614132,19.2,2721787.2,3246075.0,6885319.5,12.7,,4330.0,43743662000.0,0.562,3,31.2,114.926,,2,2
Kazakhstan,KAZ,4.5205426,26.8,5540246.0,6445852.0,4408522.0,6.1,,9731.0,180161740000.0,0.746,3,48.0,6.955,24.0,2,1
Kenya,KEN,21.56078,13.4,2332967.0,3047948.8,648093.5,3.1,921.1667,1816.0,95503090000.0,0.518,,-0.39381814,94.478,10.7,,
Kiribati,KIR,28.34652,28.4,19146.0,41994.54,,22.5,,1655.0,194647200.0,0.479,4,1.466667,147.464,47.0,0,1
Kosovo,RKS,10.700233,,,,,,,,,,1,42.55,,,2,3
Kuwait,KWT,26.88486,17.4,2553287.8,2865750.5,2662521.0,12.2,,32031.0,134761200000.0,0.576,3,29.166668,239.65,22.5,0,3
Kyrgyzstan,KGZ,9.287596,24.9,697218.5,970554.06,,6.1,,1309.0,8454619600.0,0.58,1,41.0,34.016,26.5,0,1
Laos,LAO,27.102043,27.0,1234972.5,1644926.6,406982.44,6.4,,2534.0,18173840000.0,0.452,4,18.2,31.523,28.9,0,2
Latvia,LVA,7.48688,21.9,622610.56,680847.44,2148835.8,5.0,,17818.0,34398216000.0,0.724,2,57.0,30.4,37.0,0,2
Lebanon,LBN,19.225985,17.9,1087060.6,1368940.9,4333816.0,11.2,,7784.0,53367042000.0,0.538,2,33.833332,667.199,33.8,2,2
Lesotho,LSO,14.461038,26.6,384851.72,324349.72,,4.5,,1157.0,2460072400.0,0.371,1,-29.55,70.562,26.7,2,1
Liberia,LBR,26.20536,17.6,309155.84,291149.66,,2.4,,621.0,3070518000.0,0.319,2,6.533333,52.509,9.8,0,3
Libya,LBY,21.134626,20.1,665182.4,1435406.9,,10.2,265.73685,7683.0,52076250000.0,,,31.325983,3.905,,,
Liechtenstein,LIE,8.037839,,14536.735,16367.251,36243.348,9.4,,173356.0,6552858600.0,,3,47.145,242.1,,1,3
Lithuania,LTU,7.711974,20.7,1105914.6,1204992.1,2899796.5,3.8,,19116.0,53411967000.0,0.712,2,55.2,44.7,28.8,0,2
Luxembourg,LUX,8.600475,10.0,18600.334,302940.22,1938641.6,5.0,,116348.0,70862635000.0,0.692,3,49.77,235.1,23.5,0,3
Macau,MAC,23.448893,,249000.84,301497.6,,4.3,22.0,84096.0,53859115000.0,0.759,3,22.166668,21717.123,,0,3
Macedonia,MKD,,20.3,432383.62,451560.1,382530.12,9.3,,6093.0,12694823000.0,0.534,,,83.4,,,
Madagascar,MDG,20.269386,22.9,541824.0,298706.9,141888.16,4.5,,522.0,14083907000.0,0.374,4,-20.0,47.596,,2,1
Malawi,MWI,19.956324,16.4,514001.1,840020.1,96083.04,4.5,,411.0,7666704400.0,0.407,1,-13.0,202.906,14.5,0,3
Malaysia,MYS,26.952854,17.2,1578165.2,1802175.1,1140986.1,16.7,1965.0,11414.0,364701500000.0,0.622,,4.102808,98.512,21.5,,
Maldives,MDV,28.900023,13.4,265931.25,312390.6,786566.56,9.2,,10790.0,5729248000.0,,,4.18,1801.807,28.3,,
Mali,MLI,29.324732,24.6,239257.11,429992.34,,2.4,,890.0,17510142000.0,0.317,1,17.0,16.596,12.3,0,3
Malta,MLT,18.348007,10.8,294991.56,324596.16,889176.3,8.3,,30090.0,14606972000.0,0.701,3,35.88333,1548.3,25.5,0,3
Marshall Islands,MHL,28.249788,,15149.315,18469.256,,30.5,,3788.0,221278000.0,,,9.82,328.856,,,
Martinique,MTQ,27.140003,,,,,,,,,,,14.65,354.024,,,
Mauritania,MRT,30.148148,18.1,422438.25,617144.9,180901.84,7.1,,1677.0,7593752600.0,0.353,1,21.0,4.511,,0,3
Mauritius,MUS,23.42974,22.6,638245.6,662287.5,,22.0,,11203.0,14180444000.0,0.626,2,-20.2,626.486,21.6,0,3
Mayotte,MYT,27.24292,,,,,,,,,,,-12.843056,727.501,,,
Mexico,MEX,21.998983,15.7,31862748.0,40830524.0,5148484.0,13.5,1367.2205,9863.0,1258286700000.0,0.607,,19.804237,66.325,14.0,,
Micronesia,FSM,,26.1,,,,11.9,,3568.0,401932300.0,,,12.0,164.316,,,
Moldova,MDA,10.441766,24.9,622907.5,301665.5,,5.7,,4498.0,11955436000.0,0.58,3,47.25,122.799,24.2,0,2
Monaco,MCO,14.164787,,16357.5,19238.584,,2.9,,185829.0,7188238000.0,,2,43.733334,26338.256,,0,3
Mongolia,MNG,0.15252464,30.2,1845749.0,1837671.8,2881109.5,4.7,,4295.0,13852850000.0,0.626,4,47.0,2.11,25.6,1,3
Montenegro,MNE,14.487483,20.6,172681.44,187817.5,,9.0,,8832.0,5494737000.0,0.615,,42.766666,45.7,45.9,,
Montserrat,MSR,27.180655,,1223.0,1420.5454,,,,,,,,16.75,49.99,,,
Morocco,MAR,19.761955,12.4,10017515.0,12219139.0,4910103.5,7.0,,3204.0,118725280000.0,0.5,3,32.0,82.703,23.4,2,2
Mozambique,MOZ,23.852518,18.4,3282793.5,4290677.5,389009.03,3.3,47.0,491.0,14934160000.0,0.361,,-19.117939,39.746,16.6,,
Myanmar,MMR,27.269827,24.2,10376583.0,12666242.0,1843045.8,3.9,,1407.0,76085854000.0,0.473,4,22.0,83.286,20.3,2,3
Namibia,NAM,20.967953,21.3,57412.227,121492.93,375281.53,4.5,,4957.0,12366527000.0,0.435,1,-23.0,3.086,21.4,2,3
Nauru,NRU,,,5863.857,5875.923,,12.0,,9396.0,118223430.0,,,-0.533333,541.7,40.0,,
Nepal,NPL,21.480825,21.8,4777989.0,6125054.0,2542803.5,7.2,,1071.0,30641381000.0,0.49,2,28.0,203.256,22.8,1,2
Netherlands,NLD,10.661491,11.2,7547546.0,8934639.0,11161673.0,5.4,13.610738,48779.383,140316640000.0,0.8,,52.076103,511.69232,25.8,,
New Caledonia,NCL,23.297558,,90709.46,100591.664,,21.8,,,,,,-21.25,15.618,,,
New Zealand,NZL,14.094355,10.1,1738378.6,2092635.9,1888941.2,6.2,,42084.0,206928770000.0,0.767,4,-41.2,18.314,16.0,0,2
Nicaragua,NIC,27.379955,14.2,2011078.6,2688688.5,,11.4,,1912.0,12520915000.0,0.531,,12.560388,55.049,,,
Niger,NER,30.806793,20.0,324334.16,505804.1,226265.56,2.4,,554.0,12928145000.0,0.316,2,17.0,19.11,7.7,0,3
Nigeria,NGA,27.04299,22.5,2757498.2,4234411.0,924053.9,3.1,,2229.0,448120420000.0,0.342,2,9.0,226.336,5.8,2,1
Niue,NIU,24.790592,,823.3333,884.8,,,,,,,,-19.05,6.223,,,
Norfolk Island,NFK,19.625246,,,,,,,,,,,-29.033333,,,,
North Korea,PRK,8.122405,25.6,,,,6.4,,,,,,40.0,214.092,,,
Northern Mariana Islands,MNP,28.480362,,,,,,,23258.0,1323000000.0,,,16.705,125.124,,,
Norway,NOR,4.359826,9.2,2160566.5,2544909.0,4412197.0,5.3,1337.6666,75419.0,403336360000.0,0.771,,63.98886,49.6125,20.2,,
Oman,OMN,26.430977,17.8,670981.8,777163.44,,10.1,,15474.0,76983090000.0,0.622,3,21.0,16.5,11.1,0,3
Pakistan,PAK,21.437576,24.7,44098176.0,58390610.0,10613366.0,19.9,,1284.0,278221900000.0,0.389,,30.733418,286.546,20.1,,
Palau,PLW,26.938288,,11949.142,14099.458,,17.9,,15859.0,283994900.0,,,7.466667,39.33,15.6,,
Palestine,PSE,,,448617.88,704134.06,,9.5,,3198.0,14615900000.0,0.554,4,,847.411,,2,1
Panama,PAN,27.325167,13.0,1463358.2,1966815.8,2060739.1,7.7,,15731.0,66800800000.0,0.532,,8.608036,58.041,6.1,,
Papua New Guinea,PNG,28.332958,30.0,148693.05,143690.31,249149.0,17.9,,2845.0,24969611000.0,0.384,2,-6.3,19.757,36.3,1,2
Paraguay,PRY,23.890451,17.5,595044.7,1101581.9,977908.8,9.6,,5414.0,38145290000.0,0.533,,-24.623503,17.953,13.4,,
Peru,PER,19.654257,12.6,9664655.0,12005264.0,10514182.0,6.6,2252.0076,6977.0,226848050000.0,0.586,,-10.892278,25.759,4.8,,
Philippines,PHL,27.33612,26.8,20134578.0,6335957.0,10651700.0,7.1,20.956522,3485.0,376795500000.0,0.548,,12.473735,367.512,24.3,,
Pitcairn Islands,PCN,,,37.666668,47.0,,,,,,,,-25.067781,,,,
Poland,POL,8.398439,18.7,89042.516,147429.39,1439619.4,6.1,187.49153,13934.728,84799100000.0,0.747,,51.84647,127.49375,28.0,,
Portugal,PRT,16.612673,11.1,4649761.0,3998585.5,10715890.0,9.8,2351.0,23142.75,60126840000.0,0.776,,38.148373,238.5,22.7,,
Puerto Rico,PRI,27.030342,,,,,13.7,,32873.0,104988600000.0,,3,18.25,322.53,,2,3
Qatar,QAT,27.361408,15.3,1405429.9,1722645.4,2788356.8,15.6,,64781.0,183466210000.0,0.615,3,25.269535,248.153,20.6,1,3
Republic of the Congo,COG,26.091734,16.7,166825.58,244105.55,,6.0,,2011.0,10820592000.0,0.42,2,-0.75,16.158,26.9,2,1
Romania,ROU,9.553116,21.4,4534773.0,3153819.2,5294237.5,6.9,658.0,12390.0,241475760000.0,0.601,,45.75101,316.4794,29.7,,
Russia,RUS,3.7386975,25.4,33527662.0,40067508.0,91341360.0,6.1,513.6667,11584.0,1699876600000.0,0.729,,54.708527,8.911,39.3,,
Rwanda,RWA,22.211376,18.2,1815236.2,1821157.5,1556261.9,5.1,,801.0,10122472000.0,0.374,2,-1.940278,525.019,12.3,2,3
Réunion,REU,23.42974,,,,,,,,,,,-21.114445,358.123,,,
Saint Helena,SHN,18.464256,,1551.0,3263.3333,,,818.0,,,,,-15.95,15.567,,,
Saint Kitts and Nevis,KNA,27.073532,,19986.508,22494.262,47511.14,13.3,,19896.0,1050992600.0,,,17.271667,204.585,,,
Saint Lucia,LCA,27.278471,18.8,34537.24,42270.656,135682.0,11.6,330.0,11611.0,2122450700.0,,,13.883333,301.031,,,
Saint Vincent and the Grenadines,VCT,27.452877,23.2,19963.453,24960.293,93506.664,11.6,,7463.0,825385200.0,,,12.9,284.479,,,
Samoa,WSM,27.115353,20.6,66748.63,88468.03,,9.2,,4315.0,850655040.0,,,-14.0,70.11,27.7,,
San Marino,SMR,14.427392,,12414.615,13649.357,,5.9,,48481.0,1637931000.0,,1,43.933334,565.633,,0,2
Saudi Arabia,SAU,26.930239,16.4,17372698.0,22869744.0,16030335.0,15.8,,23139.0,792966860000.0,0.585,3,23.716667,16.195,15.6,0,3
Senegal,SEN,29.9983,18.1,443049.25,457381.22,441547.7,2.4,,1446.0,23578083000.0,0.418,3,14.366667,86.968,8.2,0,3
Serbia,SRB,10.089254,19.1,2220497.8,2301693.0,3277158.0,9.0,,7402.0,51409166000.0,0.755,1,43.95,91.0,38.9,1,3
Seychelles,SYC,,21.2,47601.652,55599.79,,12.3,,17401.0,1698843000.0,0.678,3,-7.1,213.783,21.5,2,2
Sierra Leone,SLE,27.631556,30.5,186622.89,315867.72,2028.4109,2.4,108.0,504.0,3941474300.0,0.351,,8.432258,110.515,24.8,,
Singapore,SGP,27.479223,9.3,2786736.0,3118411.8,,5.5,,65233.0,372062520000.0,0.884,3,1.3,8357.633,16.5,1,3
Sint Maarten,SXM,27.385809,,21576.62,24370.238,,6.8,,,,,,18.031944,1261.235,,,
Slovakia,SVK,8.543192,17.2,336585.53,410461.0,21043582.0,6.5,535.5,19470.0,105870730000.0,0.694,,48.710308,111.8,30.1,,
Slovenia,SVN,9.9519,12.7,611310.5,696386.2,3906693.5,5.9,,26078.0,53990687000.0,0.788,,46.112823,99.85384,22.5,,
Solomon Islands,SLB,27.360443,23.8,38434.6,102728.89,,19.0,,2127.0,1425074200.0,0.443,3,-9.466667,24.54,,0,1
Somalia,SOM,,21.8,258828.31,369638.03,,5.1,,,,,1,6.0,25.334,,1,3
South Africa,ZAF,17.988338,26.2,7881564.0,8517143.0,7794313.0,12.7,1051.3771,6001.0,351431660000.0,0.406,,-28.765491,48.891,20.3,,
South Georgia and the South Sandwich Islands,SGS,2.6019106,,,,,,,,,,,-54.25,,,,
South Korea,KOR,12.68617,7.8,20463780.0,25673140.0,14767142.0,6.9,672.6667,31761.0,1642383300000.0,0.845,,36.071552,527.298,23.3,,
South Sudan,SSD,29.666666,19.8,80365.66,98566.32,111462.85,10.2,,1119.0,11997800000.0,0.302,2,7.0,18.322,,2,2
Spain,ESP,14.665599,9.9,2526539.5,2925886.0,,6.9,446.04855,27664.857,132984816000.0,0.743,,40.473297,566.36536,29.3,,
Sri Lanka,LKA,25.599377,17.4,8645541.0,9283717.0,2733378.0,10.7,,3853.0,84008780000.0,0.584,2,7.0,341.465,13.0,1,3
Sudan,SDN,29.36866,26.0,649239.44,1163121.5,562941.0,22.1,543.3333,441.0,18902284000.0,0.379,,14.272708,24.843,,,
Suriname,SUR,27.447523,21.7,128051.7,181558.77,28802.203,12.5,,6854.0,3985250800.0,,4,4.0,3.76,25.0,2,2
Svalbard and Jan Mayen,SJM,-4.4436903,,,,,,,,,,,78.63516,,,,
Swaziland,SWZ,20.148853,26.7,177182.73,176820.94,,4.5,,3837.0,4405405700.0,0.409,1,-26.483334,67.451,9.0,2,2
Sweden,SWE,6.404319,9.1,4348635.5,458821.72,8037348.0,4.8,199.0,49661.145,248557270000.0,0.8,,59.577385,51.261906,18.8,,
Switzerland,CHE,8.05261,8.6,245567.6,275891.44,428050.56,5.7,473.65384,81993.0,703082460000.0,0.767,,47.03286,510.8037,25.7,,
Syria,SYR,19.135527,21.8,626865.1,764405.2,,13.5,,,,,1,35.216667,95.304,,0,1
São Tomé and Príncipe,STP,27.388712,18.5,23150.074,47730.87,,2.4,,1994.0,429016600.0,,,0.316667,228.293,,,
Taiwan,TWN,23.494349,,7697383.5,10185733.0,1355847.0,,36.5,,,,,24.132368,672.6,,,
Tajikistan,TJK,8.610969,25.3,1254192.4,1721507.0,,6.1,,870.0,8116627000.0,0.533,3,38.583332,68.145,,0,1
Tanzania,TZA,22.193226,17.9,989454.1,1028169.56,455776.0,5.7,,1122.0,63177070000.0,0.4,1,-6.307,67.435,14.8,0,0
Thailand,THA,27.785013,14.5,21141538.0,27131738.0,5722689.5,7.0,227.0,7808.0,543650000000.0,0.604,,14.242348,136.624,19.9,,
Togo,TGO,27.6961,23.6,518189.12,732233.75,278311.75,2.4,,675.0,5459979300.0,0.413,2,8.25,152.211,7.4,0,2
Tokelau,TKL,28.694927,,968.0,722.25,,,,,,,,-9.166667,135.0,,,
Tonga,TON,25.337273,23.3,40383.65,53019.047,,15.7,,4364.0,450353300.0,0.512,4,-20.587778,146.801,27.9,2,1
Trinidad and Tobago,TTO,27.331247,21.3,418851.16,467476.22,107383.23,11.0,,17276.0,24100202000.0,0.613,4,10.666667,272.805,,0,1
Tunisia,TUN,20.30054,16.1,3184382.0,3828784.5,2385258.8,8.5,,3317.0,38797710000.0,0.508,2,34.0,76.072,32.7,2,1
Turkey,TUR,12.690841,16.1,30642692.0,38205308.0,48197300.0,11.1,,9042.0,754411700000.0,0.626,1,39.0,106.2,27.2,2,2
Turkmenistan,TKM,15.826309,29.5,1612894.0,2203467.0,,6.1,,6966.0,40761143000.0,,4,39.0,12.834,,0,1
Turks and Caicos Islands,TCA,26.791033,,21853.334,21699.174,,,,27142.0,1022312000.0,,,21.78,40.756,,,
Tuvalu,TUV,28.94985,,4340.5,4880.857,,22.1,,4059.0,47271464.0,0.554,,-7.475,393.067,,,
Uganda,UGA,23.424192,21.9,820893.2,1452992.0,1033838.56,2.5,,776.0,34387230000.0,0.382,1,1.28,228.922,10.0,2,1
Ukraine,UKR,9.179822,24.7,5656840.0,6554043.5,7677778.5,6.1,468.0,3659.0,153781080000.0,0.647,,49.216213,75.492,28.9,,
United Arab Emirates,ARE,28.646574,16.8,8232981.0,8722477.0,44070984.0,16.3,,43103.0,421142270000.0,0.659,2,24.4,118.306,28.9,0,3
United Kingdom,GBR,10.2061405,10.9,7542105.0,9972101.0,59092916.0,3.9,175.0,40262.844,349069770000.0,0.781,,52.650368,2592.2822,22.3,,
United States Minor Outlying Islands,UMI,27.16547,,,,,,,,,,,19.3,,,,
United States Virgin Islands,VIR,27.412931,,,,,12.3,,35938.0,3855000000.0,,1,18.333332,298.351,,1,3
United States of America,USA,12.944761,14.6,164334.73,6202293.5,5442075.5,10.8,350.7,65118.0,21374419000000.0,0.762,,37.916634,36.185,21.8,,
Uruguay,URY,18.817417,16.7,2054756.0,2192105.0,1833814.1,7.3,106.333336,16190.0,56045912000.0,0.6,,-33.189957,19.848,16.8,,
Uzbekistan,UZB,14.486678,24.5,4853769.5,10851014.0,,6.5,,1724.0,57921286000.0,,3,41.0,78.677,12.6,0,1
Vanuatu,VUT,26.255884,23.3,35984.25,53778.285,,11.9,,3058.0,917058900.0,0.471,4,-16.633331,25.197,18.6,0,1
Vatican City,VAT,16.538513,,,,,,,,,,,41.904,1838.636,,,
Venezuela,VEN,26.804844,18.1,7131319.5,8310643.0,,7.0,494.27274,,,,,9.285842,32.238,,,
Vietnam,VNM,26.496128,17.1,10863018.0,27277708.0,66712764.0,6.0,,2715.0,261921240000.0,0.666,4,16.0,313.925,22.8,2,3
Wallis and Futuna,WLF,26.965878,,4676.273,4878.6055,,,166.0,,,,,-14.30181,80.329,,,
Western Sahara,ESH,20.893108,,,,,,237.0,,,,,25.0,2.246,,,
Yemen,YEM,28.360687,30.6,229228.08,364171.1,,5.4,,968.0,27591262000.0,0.369,3,15.5,56.492,18.4,2,1
Zambia,ZMB,21.399076,17.9,635781.7,211694.9,1309559.5,4.5,,1291.0,23064723000.0,0.396,2,-14.0,24.73,13.8,0,1
Zimbabwe,ZWE,21.378168,19.3,1764418.8,2250268.0,636002.2,1.8,,1463.0,21440760000.0,0.441,1,-19.0,38.42,15.8,2,3
