,iso_a3,labels,average_temperature_celsius,comorbidity_mortality_rate,average_new_fully_vaccinated_per_day_per_1000,average_new_vaccinated_per_day_per_1000,average_new_tested_per_day_per_1000,diabetes_prevalence,gdp_per_capita_usd,gdp_usd,human_capital_index,latitude,population_density,smoking_prevalence,total_cases_divided_by_population,total_deaths_divided_by_population,population,international_travel_controls,stay_at_home_requirements,testing_policy,public_information_campaigns,vaccination_policy,facial_coverings,cancel_public_events
0,AFG,2,15.037980804407717,29.8,3.911567885331884,3.917340050421739,,9.2,502.0,19101353832.0,0.389,33.0,59.627,,0.0050519234816608,0.0002001369644804,38928341.0,1.0,0.0,0.0,0.0,0.0,3.0,2.0
1,ALB,5,15.720086261178862,17.0,1.7279207675247368,1.7541951774133433,0.7830718865882383,9.0,5352.0,15278077446.0,0.621,41.0,99.6,28.7,0.115338836588671,0.0012527830404059,2862427.0,1.0,2.0,2.0,2.0,0.0,2.0,2.0
2,DZA,4,27.25419538657172,14.2,5.469628548325901,6.621854404289135,,6.7,3948.0,169988236398.0,0.523,28.0,18.411000000000005,15.6,0.0061702067154936,0.0001568719813574,43851043.0,4.0,2.0,1.0,2.0,0.0,3.0,2.0
3,AND,0,14.047082275406504,,14.71671463821574,13.996671587247514,,7.7,40886.0,3154057987.0,,42.558333,164.394,33.5,0.5972561962078561,0.0020060829612373,77265.0,2.0,0.0,3.0,2.0,0.0,3.0,2.0
4,AGO,1,22.79271579209979,16.5,3.4784127195361303,5.619320986350652,0.1712150637612723,4.5,2973.0,94635415869.0,0.361,-12.35,26.363,,0.0031378981981738,5.832728128205129e-05,32866267.0,4.0,1.0,2.0,2.0,0.0,3.0,1.0
5,ATG,5,27.141183998987856,22.6,7.49479839559626,7.037318618111353,,13.1,17790.0,1727759259.0,,17.116667,222.564,,0.0919859488603872,0.0014806796830324,97928.0,[],[],[],[],[],[],[]
6,ARG,3,17.598723862944162,15.8,0.5819384075805288,0.634035893379775,0.7135670035633037,5.9,10006.0,449663446954.0,0.611,-34.0,16.515,21.8,0.2157997541184536,0.0028890458631747,44938712.0,4.0,2.0,2.0,2.0,0.0,3.0,2.0
7,ARM,0,,22.3,8.017138888317751,7.938286345256567,1.250799696001034,6.1,4622.0,13672802157.0,0.572,,104.083,24.1,0.1482508637522382,0.0029255198880682,2963234.0,[],[],[],[],[],[],[]
8,AUS,1,20.41698158071066,9.1,0.8845409560605787,2.816672212249685,3.3376693403263724,5.6,54907.0,1392680589329.0,0.803,-28.0,3.319,14.7,0.3970477744582416,0.0005676497078554,25499881.0,4.0,0.0,2.0,2.0,0.0,2.0,2.0
9,AUT,0,9.688346027411168,11.4,1.1809365516112555,1.226252433321763,24.720401202238044,6.6,51448.0,455140042000.0,0.793,48.0,107.1,29.6,0.5653733162880873,0.0023326024196347,8858775.0,3.0,0.0,3.0,2.0,5.0,3.0,2.0
10,AZE,0,15.40312925609756,22.2,1.1061326712748056,1.2647964790128845,1.1285829468373905,6.1,4793.0,48047647058.0,0.597,40.3,122.664,20.8,0.0807397051535258,0.0009737478641013,10139175.0,4.0,0.0,2.0,2.0,5.0,2.0,2.0
11,BHS,4,25.80067563313008,15.5,8.023181300349906,7.438614662968535,1.2088842266148234,8.8,32933.0,12827000000.0,,25.0,39.286,11.5,0.0945230490682724,0.002110627390349,393248.0,1.0,2.0,1.0,2.0,0.0,3.0,2.0
12,BHR,3,28.334788029471547,11.3,1.3315169076185736,1.3552210578289523,7.133409263350849,15.6,23503.0,38574069148.0,0.668,26.0675,2238.925,26.4,0.3966359560479859,0.0008921104641971,1701583.0,2.0,1.0,3.0,2.0,0.0,3.0,2.0
13,BGD,4,26.54096668699187,21.6,2.835291476234105,2.6771803572064736,0.1135602681848446,9.2,1855.0,302571254131.0,0.479,24.016667,1265.187,23.0,0.0122447662579439,0.0001781353446445,164689383.0,3.0,2.0,3.0,2.0,0.0,4.0,2.0
14,BRB,1,27.378757134615388,16.2,1.0551662339769003,1.0639288852817703,3.1571930162950137,13.4,18148.0,5209000000.0,,13.17,668.305,7.8,0.3548687933020381,0.0019417408158791,287371.0,2.0,2.0,3.0,2.0,0.0,3.0,2.0
15,BLR,0,8.416614959349593,23.7,12.733303850265868,12.50479652068507,1.5967494295798257,5.0,6663.0,63080457022.0,,53.528333,46.569,26.7,0.1051966591038657,0.0007532816379081,9449321.0,2.0,1.0,3.0,2.0,0.0,1.0,1.0
16,BEL,0,11.627785904761904,11.4,1.2210736197357843,1.2346279978392498,3.561893207553588,4.6,47436.0,542587364000.0,0.757,50.641111,375.3,28.2,0.3931821858093029,0.0028462263473178,11455519.0,3.0,0.0,3.0,2.0,5.0,3.0,2.0
17,BLZ,1,27.44718175203252,22.1,5.03355612265856,4.371817355946716,2.451245448974442,17.1,4815.0,1879613600.0,,17.066667,17.432,,0.1725562784661776,0.0017101712434705,397621.0,1.0,2.0,2.0,2.0,0.0,3.0,2.0
18,BEN,5,27.26076853211009,19.6,6.433483970153749,8.41281043720202,,1.0,1219.0,14390709094.0,0.406,8.833333,107.513,6.4,0.0022797614952754,1.344529718973492e-05,12123198.0,1.0,0.0,2.0,2.0,0.0,4.0,2.0
19,BTN,3,19.04170148780488,23.3,13.855944047542934,7.330161597287891,3.791970465117073,10.3,3243.0,2446674102.0,,27.45,20.243,,0.0795982955163994,2.7215750921447568e-05,771612.0,3.0,1.0,2.0,2.0,0.0,4.0,2.0
20,BOL,3,21.694474114871795,17.2,1.0959409457886102,1.3383433110794931,0.4711472055628589,6.8,3552.0,40895322865.0,,-17.05687,10.775,,0.0947944188265102,0.0019033620151204,11673029.0,4.0,0.0,1.0,2.0,0.0,4.0,0.0
21,BIH,0,12.048473939086294,17.8,12.741955885961262,13.692793958063412,0.7814906631206849,9.0,6073.0,20047848434.0,0.618,44.0,64.33,38.9,0.1211900091897897,0.0049085364459745,3280815.0,1.0,0.0,2.0,2.0,0.0,3.0,1.0
22,BWA,2,22.49582950927835,20.3,12.48646287604085,9.984731302822516,0.2429609062569374,5.8,7961.0,18340510789.0,0.424,-22.2,4.149,20.0,0.1386730452346781,0.0011817360335937,2351625.0,1.0,0.0,3.0,2.0,0.0,3.0,0.0
23,BRA,3,27.968065898373982,16.6,0.839862246335098,1.4075534417898776,0.4004173539767871,10.4,8717.0,1839758040765.0,0.56,-14.0,25.431,13.9,0.1626313940306448,0.0032235834829593,212559409.0,1.0,2.0,1.0,2.0,0.0,4.0,2.0
24,BRN,1,26.93717817886179,16.6,6.2306645422814615,5.583185890751135,0.6640258021454548,13.3,31086.0,13469422941.0,,4.4,83.014,16.9,0.5134142355245804,0.0002971544037139,437483.0,4.0,0.0,3.0,2.0,0.0,2.0,1.0
25,BGR,0,13.540642081218277,23.6,0.5053925444368984,0.4998095962989158,1.2220291730266344,6.0,9440.0,66182565600.0,0.676,42.75,63.9,37.0,0.1786061477657481,0.0053803985949221,7000039.0,3.0,0.0,1.0,2.0,5.0,3.0,2.0
26,BFA,0,28.822168395727367,21.7,4.439193331672301,3.7664835601945534,0.0130840722684738,7.3,774.0,15745810234.0,0.369,12.266667,76.401,12.5,0.0010107505626629,1.851384266142373e-05,20903278.0,1.0,0.0,3.0,2.0,0.0,3.0,0.0
27,MMR,2,27.757955085452696,24.2,9.912189273691942,11.836551583586832,0.1775545298736266,3.9,1407.0,76085852617.0,0.473,22.0,83.286,20.3,0.0113534522847118,0.0003573621322661,54409794.0,4.0,2.0,3.0,2.0,0.0,4.0,2.0
28,BDI,4,22.571598771573605,22.9,0.0491136789080549,0.0426494386815411,0.2655418512879852,5.1,261.0,3012334881.0,0.38,-3.666667,463.037,,0.004195014608376,1.26148147880278e-06,11890781.0,1.0,0.0,1.0,1.0,0.0,1.0,0.0
29,CPV,3,24.62965134148828,17.2,9.164286519373322,10.337743423100104,1.0609766202708306,2.4,3603.0,1981845740.0,,15.916667,137.96199999999996,9.1,0.1121355137161233,0.0007374259876112,555988.0,1.0,1.0,3.0,2.0,0.0,3.0,2.0
30,KHM,4,28.012250301829265,21.1,2.028219359564988,2.067202648952029,0.3616657535492476,6.4,1643.0,27089389786.0,0.493,12.6,94.714,17.2,0.0082384854905245,0.00018278636885,16718971.0,2.0,0.0,1.0,2.0,0.0,3.0,2.0
31,CMR,3,23.06770451648352,21.6,0.7961205141618944,0.9694758388912036,,6.0,1497.0,38760467033.0,0.394,7.0,56.157,,0.0045827101351833,7.289271127133025e-05,26545864.0,1.0,0.0,2.0,2.0,0.0,3.0,1.0
32,CAN,3,2.214185592292089,9.8,2.4891431814667477,2.554215552534647,1.9968185708092945,7.6,46194.0,1736425629519.0,0.799,56.0,4.15,14.3,0.1112204848281458,0.0011749990865651,37742157.0,4.0,2.0,2.0,2.0,5.0,3.0,2.0
33,CAF,4,,23.1,10.49356540908509,7.722711046517345,,6.0,467.0,2220307368.0,,6.7,7.753,,0.0030856580155883,2.3396588321913865e-05,4829764.0,2.0,2.0,1.0,2.0,0.0,3.0,0.0
34,TCD,0,31.9324235627907,23.9,4.774990829213651,4.639112521498285,,6.0,709.0,11314951342.0,0.293,15.466667,13.045,,0.00046012814307,1.1749766024413091e-05,16425859.0,2.0,0.0,1.0,2.0,0.0,4.0,0.0
35,CHL,3,15.323986481218276,12.4,1.664703631979382,1.6741206672529017,2.7599812229850493,8.6,14896.0,282318159744.0,0.674,-33.0,25.71,37.8,0.259957563453244,0.0034609075689812,17574003.0,3.0,3.0,2.0,2.0,0.0,2.0,2.0
36,CHN,5,5.414258385162602,17.0,0.8616727890254847,1.0259894585210796,,9.2,10261.0,14342902842914.998,0.6730000000000002,35.844722,153.312,25.6,0.0045168384747322,1.7706231537588706e-05,1439323774.0,3.0,3.0,3.0,2.0,5.0,2.0,2.0
37,COL,2,20.58152443292683,15.8,2.3180696911246423,2.663951540498932,0.9626938938173928,7.4,6432.0,323802808108.0,0.593,4.0,45.861,9.0,0.1238985785475524,0.0027849836499047,50882884.0,4.0,2.0,2.0,2.0,0.0,3.0,2.0
38,COM,0,27.03514568800813,22.9,14.149857302871249,14.727222155141186,,12.3,1393.0,1185728676.0,0.409,-12.23333,467.273,14.0,0.0097367165174592,0.0001839936982158,869595.0,[],[],[],[],0.0,0.0,[]
39,COG,5,26.06372592581301,16.7,4.09904783699204,3.337733209036551,,6.0,2011.0,10820591130.0,0.42,-0.75,16.158,26.9,0.0044897765387021,6.995171519430991e-05,5518092.0,2.0,2.0,1.0,2.0,0.0,3.0,1.0
40,COD,2,,19.4,0.6048791976137315,0.7653270556700965,,6.0,545.0,47319624204.0,0.369,-2.88,39.506,,0.0010356023449565,1.5877375035344465e-05,89561404.0,1.0,2.0,1.0,2.0,0.0,3.0,1.0
41,CRI,4,26.614555688008128,11.5,10.549206196476751,10.817570684834484,0.8857871287326772,9.1,12238.0,61773944173.0,0.619,10.0,99.767,11.9,0.2170724879733747,0.0017496663796687,5094114.0,1.0,1.0,1.0,2.0,0.0,3.0,2.0
42,CIV,5,26.57389336697248,29.1,5.310104373490038,1.806495854806444,0.0776413804647645,2.4,2286.0,58792205642.0,0.353,8.0,82.951,,0.0032971450938319,3.1162007371596515e-05,26378275.0,1.0,1.0,2.0,2.0,0.0,3.0,0.0
43,HRV,0,12.593652152284264,16.7,1.0971241676778094,1.1067843772493122,1.264254438593421,5.4,14868.0,60917594400.0,0.723,45.25,73.2,37.0,0.2997873533638548,0.0041256096908773,4076246.0,3.0,0.0,3.0,2.0,0.0,3.0,1.0
44,CUB,4,26.13281041869919,16.4,1.9884986917891605,2.090411408413819,0.996999556625206,9.6,8821.0,100023000000.0,,22.0,106.413,35.2,0.0980829578755031,0.0007530934217245,11326616.0,4.0,0.0,1.0,2.0,0.0,3.0,2.0
45,CYP,4,21.12686507715736,11.3,4.222230104654511,4.292255066969998,45.08025277645013,9.0,28674.0,24942615800.0,0.751,35.0,94.4,36.4,0.6620614933913613,0.0013391955008511,875899.0,3.0,2.0,3.0,2.0,5.0,3.0,2.0
46,CZE,0,9.547005071065987,15.0,0.9700292235422622,1.044373754516075,2.125497454296015,7.0,23010.0,244932977600.0,0.782,49.5,137.7,34.3,0.3820175965745835,0.0038434524592011,10649800.0,3.0,0.0,3.0,2.0,0.0,2.0,1.0
47,DNK,0,9.438728280487805,11.3,1.3261266995442236,1.30444698287318,13.008016818756994,8.3,61360.0,355582262000.0,0.774,56.0,138.0,19.1,0.5655632430894436,0.001203393476598,5806081.0,3.0,0.0,3.0,2.0,5.0,2.0,1.0
48,DJI,5,30.5292745802005,19.6,5.319723478188744,5.455378632836776,0.6239865911202609,5.1,3408.0,3318716359.0,,11.8,42.623,13.1,0.0158805346547881,0.0001912951593215,988002.0,1.0,0.0,2.0,2.0,0.0,3.0,2.0
49,DMA,5,27.233796185222676,,4.998806067689677,4.612248809440126,7.000875109388674,11.6,8300.0,596033333.0,,15.416667,95.988,,0.2063035657234932,0.0009445625147587,71991.0,2.0,0.0,3.0,2.0,5.0,3.0,0.0
50,DOM,3,26.91764756852792,19.0,1.1689378357080606,1.3633357527734071,0.3329824026319516,8.6,8282.0,88941298257.0,0.492,18.8,224.501,13.7,0.0591521643259379,0.0004041333699118,10847904.0,1.0,2.0,2.0,2.0,5.0,3.0,2.0
51,ECU,3,16.337338382022473,13.0,1.4624772154078294,1.5477484019862175,0.1993016313720005,5.5,6183.0,107435665000.0,0.602,-1.0,71.038,7.1,0.0566702714835181,0.0020338875455844,17643060.0,2.0,0.0,3.0,2.0,0.0,3.0,2.0
52,EGY,3,24.270150388832487,27.7,4.1569707458518845,5.363480785309966,,17.2,3020.0,303175127597.0,0.486,27.0,102.802,25.2,0.0050359213020473,0.000242303656181,102334403.0,1.0,0.0,2.0,2.0,3.0,4.0,2.0
53,SLV,5,26.599698012195123,14.0,3.948551793525359,3.879504283819973,0.4523107788294255,8.8,4187.0,27022640000.0,0.501,13.668889,313.041,9.9,0.0311098900573694,0.0006518453560103,6486201.0,1.0,0.0,3.0,2.0,0.0,4.0,2.0
54,GNQ,5,26.87237275634518,22.0,1.9238546673744408,2.38500524401792,1.1287621490153947,6.0,8131.0,11026774945.0,,1.5,50.017,,0.01204146872561,0.0001304361771508,1402985.0,[],[],[],[],[],[],[]
55,EST,0,7.366543714430894,17.0,1.0248086520394193,1.0496450009878078,2.8260200740013754,4.2,23246.0,30722303000.0,0.747,59.0,30.4,31.3,0.4525867665041289,0.0020085747497773,1324820.0,2.0,0.0,2.0,2.0,5.0,2.0,1.0
56,SWZ,4,20.02010415352261,26.7,6.588313212204317,5.8865600035857,0.2870283856420299,4.5,3837.0,4405405802.0,0.409,-26.483333,67.451,9.0,0.063244506811106,0.0012256887819308,1160164.0,1.0,2.0,2.0,2.0,0.0,4.0,1.0
57,ETH,5,20.17368521419976,18.3,12.476544921988973,1.3212056980275824,0.0547103685868941,4.3,857.0,96107662398.0,0.385,9.0,114.964,4.4,0.0042915068156844,6.586433549135294e-05,114963583.0,2.0,0.0,3.0,2.0,0.0,3.0,1.0
58,FJI,2,26.11099206402439,30.6,11.07289956204738,11.307869123527436,0.9423039131006848,14.7,6220.0,5535548972.0,,-18.0,49.066,22.6,0.0760861805087657,0.0009794253740334,896444.0,3.0,2.0,3.0,2.0,0.0,2.0,2.0
59,FIN,1,3.648379547112462,10.2,6.053408066449577,6.25515436426374,2.3675184699030547,5.6,50150.0,276654540000.0,0.814,65.0,18.1,20.4,0.2315135470455438,0.001061632111671,5517919.0,3.0,0.0,2.0,2.0,5.0,1.0,1.0
60,FRA,0,12.691252012195122,10.6,1.2771018836312125,1.2984221669611,5.006193568114682,4.8,41300.0,2776646200000.0,0.765,47.0,105.6,32.7,0.503874605723201,0.00230767567484,67012883.0,3.0,0.0,3.0,2.0,5.0,4.0,2.0
61,GAB,5,26.70910916751269,14.4,2.0998645264503444,2.3619771347028014,4.691898061617991,6.0,7667.0,16657960228.0,0.453,-0.683331,8.638,,0.0218661040342755,0.0001374831066509,2225728.0,3.0,2.0,3.0,2.0,0.0,3.0,2.0
62,GMB,4,28.76215489714868,20.4,4.951268245870312,4.92756260609449,,1.9,751.0,1763819047.0,0.397,13.5,238.801,15.5,0.0051372470479967,0.0001539312043378,2416664.0,1.0,0.0,3.0,2.0,0.0,3.0,2.0
63,GEO,1,,24.9,1.190989907481899,1.4425192022063555,7.725481010750581,5.8,4769.0,17743195770.0,0.6140000000000001,,57.406,28.8,0.4417469777585591,0.0042364649332255,3989175.0,1.0,0.0,2.0,2.0,0.0,2.0,2.0
64,DEU,0,10.828389177845528,12.1,1.2590546146106572,1.2459074839211317,,10.4,47554.0,3946356600000.0,0.795,51.0,234.7,30.6,0.3927403286754838,0.0017914889171498,83019213.0,3.0,2.0,3.0,2.0,0.0,2.0,2.0
65,GHA,5,27.528307558282208,20.8,6.850242750283767,7.175756979609893,0.1042595211605519,2.5,2202.0,66983634223.0,0.439,8.0,136.56,3.9,0.0054264570030294,4.695403026652285e-05,31072945.0,1.0,0.0,2.0,2.0,0.0,4.0,2.0
66,GRC,1,17.799187490853658,12.4,1.213132486804886,1.2196430997855334,7.584653765073603,4.7,20296.0,217962048000.0,0.681,38.5,82.5,43.4,0.4511880584066593,0.0030671543057227,10724599.0,3.0,2.0,3.0,2.0,0.0,2.0,2.0
67,GRD,5,27.34786186639676,21.4,3.7893478112463352,3.95165584155888,5.664821052444475,10.7,10965.0,1228170370.0,,12.116667,330.938,,0.1730641047289791,0.0020974235462455,112519.0,3.0,0.0,3.0,2.0,5.0,3.0,0.0
68,GTM,4,22.913536382892055,14.9,1.0588168774753974,1.2831310922301022,0.3068277572930425,10.0,4619.0,76710385879.0,0.46,15.5,167.185,,0.0620996254263122,0.0010987092956644,17915567.0,1.0,0.0,2.0,2.0,0.0,3.0,2.0
69,GIN,4,27.60313466595289,22.4,1.2784087361919545,2.241956204641825,,2.4,1064.0,13590281808.0,0.374,10.0,53.446,,0.0028670217269869,3.418922647979196e-05,13132792.0,1.0,2.0,3.0,2.0,0.0,3.0,2.0
70,GNB,4,28.15282908757637,20.0,4.323871043170466,6.2159933597493495,0.1981709331005417,2.4,697.0,1340389410.0,,12.0,69.986,,0.0044695167373137,8.892285459639694e-05,1967998.0,[],[],[],[],[],[],[]
71,GUY,1,27.534792798780487,30.5,4.765069282890796,4.751866137089623,,11.6,5468.0,4280443645.0,0.495,5.733333,3.996,,0.0905323059045793,0.0016260700087342,786559.0,4.0,2.0,1.0,2.0,0.0,3.0,2.0
72,HTI,3,27.18986447165992,26.5,0.2622745836030112,0.4196342455955473,0.0262222437768871,6.7,754.0,8498981820.0,0.446,19.0,413.735,12.7,0.0029556590627714,7.515873885214803e-05,11402533.0,2.0,2.0,3.0,2.0,0.0,3.0,2.0
73,HND,4,26.184472121703852,14.0,7.531193561623035,7.880065820168043,,7.3,2574.0,25095395475.0,0.49,14.633333,88.521,2.0,0.0460057581279339,0.0011094835858218,9904608.0,1.0,2.0,3.0,2.0,0.0,3.0,2.0
74,HUN,0,12.2097129847561,23.0,1.7244773878658626,1.748321402709826,1.6300134204952643,6.9,16166.0,157862996000.0,0.703,47.0,107.1,30.6,0.2118586609550059,0.0048511392282791,9772756.0,4.0,0.0,2.0,2.0,5.0,2.0,2.0
75,ISL,4,3.293784716751269,9.1,5.796724767371087,6.057228015621747,4.570349488374428,5.8,66944.0,24188035738.0,0.74,65.0,3.5,14.7,0.5750397068833668,0.000596653697152,356991.0,3.0,0.0,3.0,2.0,5.0,2.0,1.0
76,IND,2,26.860736388211382,23.3,1.22801790069212,1.265991868927313,0.7645574448048543,10.4,2104.0,2875142314811.0,0.44,22.8,464.149,11.5,0.0322582156142931,0.0003827886387476,1380004385.0,3.0,2.0,2.0,2.0,0.0,4.0,2.0
77,IDN,4,27.8061144949187,26.4,1.269494137770361,1.499782932275895,0.5105406484409925,6.3,4135.0,1119190780752.0,0.535,-2.0,150.987,39.4,0.0234081648107459,0.0005770945829939,273523621.0,3.0,2.0,1.0,2.0,0.0,4.0,2.0
78,IRN,1,19.101472334349594,14.8,4.361957356652088,4.717209183826324,0.7055405325121173,9.6,5520.0,445345282122.0,0.591,32.0,51.575,11.0,0.0897808891181621,0.0017173226425316,83992953.0,3.0,2.0,2.0,2.0,0.0,3.0,2.0
79,IRQ,4,26.45008094410569,21.3,2.8374326130585352,3.5412980588222416,0.6501236284968519,8.8,5955.0,234094042938.0,0.398,33.0,92.61,,0.061122725256556,0.0006301944958522,40222503.0,3.0,2.0,3.0,2.0,5.0,4.0,2.0
80,IRL,5,10.14351383147208,10.3,1.3364800853651395,1.351372753103358,3.0427625333839896,3.2,78706.0,382365076000.0,0.806,53.333333,70.9,24.3,0.3386120989184868,0.0016110549239025,4904240.0,3.0,0.0,2.0,2.0,0.0,3.0,2.0
81,ISR,5,21.625882881218278,9.6,1.1266183458291863,1.2299390227218356,7.005031215797324,9.7,43641.0,395098666121.0,0.763,31.0,399.979,25.2,0.5368667308028464,0.0013479226775079,8655541.0,4.0,0.0,2.0,2.0,5.0,2.0,2.0
82,ITA,0,16.332794087398373,9.5,1.2277285115131282,1.2911310322746503,4.337282907907571,5.0,34456.0,2083196780000.0,0.769,42.5,202.9,23.7,0.3663782196108632,0.0029235475031571,60359546.0,3.0,2.0,3.0,2.0,5.0,4.0,2.0
83,JAM,5,27.33280638821138,14.7,0.8772030863385423,0.9804437341474336,0.4106527171513765,11.3,5582.0,16458071067.0,0.544,18.18,273.422,16.8,0.0509627811523925,0.0011096998778519,2961161.0,2.0,2.0,3.0,2.0,0.0,3.0,2.0
84,JPN,1,17.113576174796748,8.4,1.4964450391231163,1.47885252072219,0.4885019513734071,5.6,40246.0,5081769542379.0,0.844,35.0,346.934,22.1,0.1565746646700052,0.0003413204376738,126476458.0,4.0,1.0,1.0,2.0,0.0,1.0,1.0
85,JOR,0,21.23773226422764,19.2,2.113407758601297,2.2185838013357224,2.736872905495188,12.7,4330.0,43743661971.0,0.562,31.2,114.926,,0.1707568454416973,0.0013832996508917,10203140.0,3.0,0.0,3.0,2.0,0.0,2.0,2.0
86,KAZ,4,6.699074272634792,26.8,1.3071352743420053,1.3319878943801662,1.4241152621350417,6.1,9731.0,180161741180.0,0.746,48.0,6.955,24.0,0.0789325838657438,0.0010143951226378,18776707.0,3.0,0.0,1.0,2.0,5.0,3.0,2.0
87,KEN,4,21.79735345194274,13.4,0.7398520173564056,0.9036903794067644,0.0616976940745584,3.1,1816.0,95503088538.0,0.518,0.1,94.478,10.7,0.0062916090925828,0.0001055395722253,53771300.0,1.0,2.0,3.0,2.0,0.0,3.0,2.0
88,KOR,1,13.85902794207317,7.8,1.541774250521805,1.5559188201938718,2.27676958328818,6.9,31761.0,1642383217167.0,0.845,36.0,527.298,23.3,0.4732759248377334,0.0005396029033659,51269183.0,2.0,0.0,3.0,2.0,0.0,3.0,2.0
89,KWT,3,28.12180357926829,17.4,12.65834558466459,12.693615630047288,2.6339732678075007,12.2,32031.0,134761198945.0,0.576,29.166667,239.65,22.5,0.1540183343507636,0.0006001550615223,4270563.0,4.0,0.0,3.0,2.0,5.0,3.0,2.0
90,KGZ,2,11.096653082317072,24.9,0.5190292854536908,0.6141842377670901,,6.1,1309.0,8454619607.0,0.58,41.0,34.016,26.5,0.0315625339601492,0.0004584476450796,6524191.0,1.0,0.0,3.0,2.0,0.0,3.0,2.0
91,LAO,1,27.34468594512195,27.0,5.619221490415476,6.27949967844382,0.5283675791166698,6.4,2534.0,18173839128.0,0.452,18.2,31.523000000000003,28.9,0.0295725852429697,0.0001040470309073,7275556.0,4.0,0.0,2.0,2.0,0.0,3.0,2.0
92,LVA,0,8.34278706097561,21.9,1.2168276373479212,1.2236451395772243,4.477124668054133,5.0,17818.0,34398215400.0,0.724,57.0,30.4,37.0,0.4750089584826413,0.0031068226137102,1919968.0,2.0,0.0,2.0,2.0,5.0,2.0,2.0
93,LBN,0,19.76007663857868,17.9,0.8832765006650889,0.9798273944024506,2.485364945700848,11.2,7784.0,53367042272.0,0.538,33.833333,667.199,33.8,0.1777467305414067,0.0015603385099455,6825442.0,2.0,2.0,2.0,2.0,0.0,3.0,2.0
94,LSO,4,13.82761355747711,26.6,25.456243009692603,22.707240594919444,0.2581395652799017,4.5,1157.0,2460072443.0,0.371,-29.55,70.562,26.7,0.0160051198458444,0.0003286261373545,2142252.0,1.0,2.0,1.0,2.0,0.0,4.0,2.0
95,LBR,2,26.160455606811144,17.6,24.29931435584624,23.639726983015297,,2.4,621.0,3070518100.0,0.319,6.533333,52.509,9.8,0.0015677157714895,5.81294535020722e-05,5057677.0,2.0,0.0,3.0,2.0,0.0,3.0,1.0
96,LBY,4,25.133611105714284,20.1,1.841294726319688,3.0757628871104354,0.5056732917413396,10.2,7683.0,52076250947.0,,27.0,3.905,,0.0737720604597071,0.0009367968475192,6871287.0,2.0,0.0,1.0,2.0,0.0,3.0,2.0
97,LIE,0,9.133012950253809,,1.0841360430099818,1.0941705161741253,3.411055363974691,9.4,173356.0,6552858738.0,,47.145,242.1,,0.5052373755797592,0.002240867163479,38378.0,3.0,1.0,3.0,2.0,0.0,2.0,2.0
98,LTU,0,8.663828026422763,20.7,1.1485315738006328,1.1588160527838685,3.7957649508517184,3.8,19116.0,53411968400.0,0.712,55.2,44.7,28.8,0.4410471894477958,0.0033286998995055,2794184.0,2.0,0.0,2.0,2.0,5.0,2.0,2.0
99,LUX,0,9.618800807497466,10.0,1.382386099408191,1.4060808344984967,6.59904925815046,5.0,116348.0,70862634400.0,0.692,49.77,235.1,23.5,0.4699948199526302,0.0018341928736882,613894.0,3.0,0.0,3.0,2.0,5.0,2.0,1.0
100,MDG,3,19.673244125,22.9,1.8433832283311784,1.40910816700682,0.0222121992467142,4.5,522.0,14083906356.0,0.374,-20.0,47.596,,0.002406989789722,5.0919036240594826e-05,27691019.0,4.0,2.0,3.0,2.0,0.0,4.0,0.0
101,MWI,2,19.27135552974186,16.4,0.5703909600445088,0.6057647238792222,0.0209171548374907,4.5,411.0,7666704427.0,0.407,-13.0,202.906,14.5,0.0045918560707539,0.0001398330524039,19129955.0,1.0,0.0,3.0,2.0,0.0,3.0,1.0
102,MYS,1,26.71046386280488,17.2,1.482715970362989,1.503109034357668,2.030266049360709,16.7,11414.0,364701517787.0,0.622,3.780511,98.512,21.5,0.1474090655756781,0.0011115772582788,32655400.0,3.0,2.0,3.0,2.0,0.0,3.0,2.0
103,MDV,3,28.900444136178866,13.4,2.4278903625042405,2.0987850740210408,5.826991460855249,9.2,10790.0,5729248472.0,,4.18,1801.807,28.3,0.3421861760973245,0.0005697984615441,540542.0,[],[],[],[],[],[],[]
104,MLI,0,29.68885483963228,24.6,1.395756904595156,1.754748917119071,0.0298753127895868,2.4,890.0,17510141171.0,0.317,17.0,16.596,12.3,0.001599193396183,3.6492324217363096e-05,20250834.0,1.0,0.0,3.0,2.0,0.0,3.0,2.0
105,MLT,0,19.08564639532521,10.8,1.6232831471535087,1.595204834077998,5.302027210248922,8.3,30090.0,14606972200.0,0.701,35.883333,1548.3,25.5,0.2316805083080239,0.0016269584791281,493559.0,3.0,0.0,3.0,2.0,5.0,4.0,2.0
106,MRT,4,29.767806333333336,18.1,4.1201094506067335,5.458542579157959,0.1230660284565791,7.1,1677.0,7593752450.0,0.353,21.0,4.511,,0.0135016323774211,0.0002135640025292,4649660.0,1.0,0.0,3.0,2.0,0.0,3.0,2.0
107,MUS,4,23.157421531504063,22.6,18.146181089550435,17.46857444935993,,22.0,11203.0,14180444557.0,0.626,-20.2,626.4860000000001,21.6,0.2051845974930942,0.0008051789360786,1271767.0,2.0,0.0,3.0,2.0,0.0,3.0,0.0
108,MEX,5,19.460286340447155,15.7,1.8234988735248472,2.1125425757430567,0.1560349116238014,13.5,9863.0,1258286717124.0,0.607,23.0,66.325,14.0,0.0268358553885433,0.0002160967471218,110991953.0,1.0,2.0,1.0,2.0,0.0,4.0,2.0
109,MDA,0,11.658083132994925,24.9,1.01017574603723,0.9422085693503518,1.2848081207122208,5.7,4498.0,11955435456.0,0.58,47.25,122.799,24.2,0.1445682570712721,0.0029271463322792,4033963.0,1.0,0.0,2.0,2.0,0.0,2.0,2.0
110,MCO,5,15.267924224593497,,20.500502984671154,22.629878618941472,,2.9,185829.0,7188238072.0,,43.731111,26338.255,,0.3687442666394863,0.0016053409438385,39244.0,2.0,0.0,3.0,2.0,5.0,3.0,1.0
111,MNG,1,2.892723936927772,30.2,2.346617210599736,2.170498127002728,5.527100345205519,4.7,4295.0,13852850259.0,0.626,47.0,2.11,25.6,0.2994297030282842,0.0006497285781742,3278292.0,4.0,1.0,3.0,2.0,0.0,2.0,2.0
112,MNE,5,15.563459961382112,20.6,0.970957897430781,0.972261418232942,,9.0,8832.0,5494736901.0,0.615,42.766667,45.7,45.9,0.4465011845408578,0.0044649314830708,622182.0,[],[],[],[],[],[],[]
113,MAR,4,20.45563893495935,12.4,2.742448777262387,2.643671204058872,0.4070749981485756,7.0,3204.0,118725279596.0,0.5,32.0,82.703,23.4,0.034264207005486,0.0004409578419269,36910558.0,3.0,2.0,3.0,2.0,0.0,3.0,2.0
114,MOZ,2,24.038020354338844,18.4,8.897653911336088,8.78626160766691,0.0541297112086552,3.3,491.0,14934159925.0,0.361,-19.0,39.746,16.6,0.0073646071475249,7.109163574271162e-05,31255435.0,1.0,0.0,1.0,2.0,0.0,3.0,2.0
115,NAM,2,19.84392542126789,21.3,1.4146844703226733,1.4705865690464224,0.5900394613456729,4.5,4957.0,12366527719.0,0.435,-23.0,3.086,21.4,0.0655846159416525,0.0016045394652951,2540916.0,1.0,0.0,3.0,2.0,0.0,3.0,1.0
116,NPL,2,22.67295942538071,21.8,3.027254947924939,3.344712734052843,0.3052125968408527,7.2,1071.0,30641380604.0,0.49,28.0,203.256,22.8,0.0342906813951617,0.0004123650058029,29136808.0,2.0,1.0,3.0,2.0,0.0,4.0,2.0
117,NLD,0,11.320110184771572,11.2,8.320553895637877,8.572334861793228,2.367554416269152,5.4,52982.0,913366020000.0,0.8,52.316667,504.0,25.8,0.4861238723416739,0.0013088639425516,17282163.0,3.0,1.0,2.0,2.0,5.0,2.0,2.0
118,NZL,1,13.856612893292684,10.1,1.5057831627687792,1.552484969281053,1.728001494681519,6.2,42084.0,206928765543.0,0.767,-41.2,18.314,16.0,0.3619030851474825,0.0006127866488409,4822233.0,4.0,0.0,2.0,2.0,0.0,2.0,0.0
119,NIC,5,27.39884061280488,14.2,13.489329292595494,13.634720208863488,,11.4,1912.0,12520915291.0,0.531,13.0,55.049,,0.0022627938424232,3.683266828227228e-05,6624554.0,1.0,0.0,1.0,1.0,0.0,0.0,0.0
120,NER,0,31.40560673285568,20.0,3.8378086694904656,4.544304443187056,0.0176914297385229,2.4,554.0,12928145120.0,0.316,17.0,19.11,7.7,0.0003878275362177,1.288902762035997e-05,24206636.0,2.0,0.0,3.0,2.0,0.0,3.0,0.0
121,NGA,5,27.05290505010225,22.5,1.9609648946589453,1.7567128328982229,0.0210230014650518,3.1,2229.0,448120428858.0,0.342,9.0,226.336,5.8,0.0012836787142685,1.5300312016245573e-05,206139587.0,2.0,2.0,1.0,2.0,0.0,3.0,1.0
122,MKD,0,,20.3,2.9025812728533595,2.538685642118645,0.8991223448449706,9.3,6093.0,12694823394.0,0.534,,83.4,,0.164596665016956,0.0045813169312301,2077132.0,[],[],[],[],[],[],[]
123,NOR,1,6.062393036548223,9.2,1.2426932962377122,1.276177914631257,2.581369944212728,5.3,75419.0,403336363636.0,0.771,65.0,17.2,20.2,0.2742385250436732,0.0007578527280821,5328212.0,2.0,0.0,2.0,2.0,0.0,2.0,0.0
124,OMN,3,27.211439261780104,17.8,7.359333299651577,6.467193998599299,,10.1,15474.0,76983094928.0,0.622,21.0,16.5,11.1,0.0779366477487466,0.0009062742454796,5106622.0,4.0,0.0,3.0,2.0,0.0,4.0,2.0
125,PAK,3,24.7780598800813,24.7,2.0655136704163324,2.108611383217465,0.3045882872220518,19.9,1284.0,278221906022.0,0.389,30.0,286.546,20.1,0.0071699365606314,0.0001371618465106,220892331.0,3.0,1.0,3.0,2.0,0.0,4.0,2.0
126,PAN,0,27.502115967479675,13.0,6.936151773232238,6.699880445962823,1.7602607916541215,7.7,15731.0,66800800000.0,0.532,8.616667,58.041,6.1,0.2281082088306949,0.0019669655471626,4314768.0,2.0,2.0,3.0,2.0,0.0,4.0,2.0
127,PNG,1,28.36939989946524,30.0,0.8939984836782734,0.809749894201355,,17.9,2845.0,24969611434.0,0.384,-6.3,19.757,36.3,0.0050218916294764,7.421459664757914e-05,8947027.0,2.0,0.0,2.0,2.0,0.0,3.0,2.0
128,PRY,3,23.97953986395939,17.5,2.098190755683929,2.3097323862907104,0.4921247572172278,9.6,5414.0,38145288939.0,0.533,-23.5,17.953,13.4,0.1003579375060462,0.0027381588300364,7132530.0,1.0,2.0,2.0,2.0,0.0,3.0,1.0
129,PER,3,25.122618641547863,12.6,1.7146678455078477,1.7508895781754028,,6.6,6977.0,226848050819.0,0.586,-9.4,25.759,4.8,0.140481529366871,0.0073573566623569,29381884.0,3.0,2.0,3.0,2.0,0.0,4.0,2.0
130,PHL,1,27.842772700611,26.8,3.1939321708770803,3.174431699285325,0.3643881627744321,7.1,3485.0,376795508679.0,0.5480000000000002,12.0,367.512,24.3,0.0387355317752589,0.0006181068609673,100979303.0,3.0,2.0,3.0,2.0,0.0,4.0,2.0
131,POL,0,9.987311979695432,18.7,0.8352458180804735,0.9628393043646786,1.266741110580076,6.1,15222.0,585705873800.0,0.747,52.0,123.6,28.0,0.164146837479405,0.0030894735949499,37972812.0,2.0,1.0,2.0,2.0,5.0,2.0,1.0
132,PRT,0,17.105037375634517,11.1,9.970598591784215,10.901223734369518,5.069667777174175,9.8,23364.0,240597516000.0,0.776,38.7,113.0,22.7,0.5304722361454164,0.0024272579196052,10276617.0,3.0,0.0,3.0,2.0,0.0,3.0,2.0
133,QAT,3,28.310608621951214,15.3,2.08702666956043,2.246285859145383,7.144131394574279,15.6,64781.0,183466208791.0,0.615,25.269535,248.153,20.6,0.1522005789535795,0.0002367184300222,2881060.0,2.0,1.0,3.0,2.0,0.0,2.0,2.0
134,ROU,0,8.815355646700509,21.4,0.8194715545719263,0.7935286391673405,,6.9,12390.0,241475766400.0,0.601,46.0,83.1,29.7,0.1672537033998064,0.0034449583913184,19414458.0,2.0,0.0,3.0,2.0,5.0,4.0,1.0
135,RUS,5,-4.106462652085453,25.4,1.245308520729265,1.3738205748193426,2.274641250279005,6.1,11584.0,1699876578871.0,0.729,66.416667,8.911,39.3,0.1388637337610321,0.0026431522753433,145934460.0,3.0,1.0,3.0,2.0,5.0,2.0,2.0
136,RWA,2,22.30894885380711,18.2,14.925336216708214,10.558181619830254,0.5210692882548548,5.1,801.0,10122472590.0,0.374,-1.940278,525.019,12.3,0.0102279078418206,0.0001131853261478,12952209.0,2.0,2.0,3.0,2.0,0.0,3.0,2.0
137,KNA,1,27.141183998987856,,7.638708486580347,8.58542028266799,4.738464188163149,13.3,19896.0,1050992592.0,,17.271667,204.585,,0.1228756203940442,0.0008647916979996,53192.0,[],[],[],[],[],[],[]
138,LCA,5,27.32826524898785,18.8,1.097321229217607,1.555232094525997,1.215183098219002,11.6,11611.0,2122450629.0,,13.883333,301.031,,0.1577038485206585,0.0021401848291936,183629.0,[],[],[],[],[],[],[]
139,VCT,1,27.495797476720647,23.2,1.9076988593340485,2.033331230227045,0.6416351951832857,11.6,7463.0,825385185.0,,12.9,284.479,,0.0851397514128367,0.0010455442688851,110947.0,[],[],[],[],[],[],[]
140,SMR,0,15.58743663211382,,6.752461799271888,6.463256526607342,,5.9,48481.0,1637931034.0,,43.933333,565.633,,0.6055748718250928,0.0034769285167069,33938.0,1.0,0.0,2.0,2.0,0.0,3.0,2.0
141,STP,5,27.214762060020345,18.5,11.21216043311961,12.893717404100183,2.14180442688252,2.4,1994.0,429016605.0,,0.316667,228.293,,0.0281847591496662,0.0003467770269345,219161.0,[],[],[],[],[],[],[]
142,SAU,3,28.00274295731707,16.4,2.838655430438333,1.307462623313827,1.4737376495497587,15.8,23139.0,792966838161.0,0.585,23.716667,16.195,15.6,0.0234052999627993,0.0002677668642785,34813867.0,3.0,0.0,3.0,2.0,5.0,3.0,2.0
143,SEN,4,30.227242877800407,18.1,1.356118638548749,0.7789350306838707,0.0828977429455201,2.4,1446.0,23578084052.0,0.418,14.366667,86.968,8.2,0.0052693722441505,0.0001175351306413,16743930.0,3.0,0.0,3.0,2.0,0.0,3.0,1.0
144,SRB,0,11.28240738922764,19.1,2.1378163946863027,2.036617149352085,1.6744100531988364,9.0,7402.0,51409167350.0,0.755,43.95,91.0,38.9,0.3338308133360062,0.0024190940416705,6963764.0,1.0,1.0,3.0,2.0,5.0,3.0,2.0
145,SYC,3,,21.2,10.19378472771463,9.045679106501256,,12.3,17401.0,1698843062.0,0.678,-7.1,213.783,21.5,0.4714053284523083,0.0017185275574537,98340.0,3.0,0.0,[2. 3.],2.0,5.0,3.0,2.0
146,SLE,3,27.620660826552463,30.5,6.860364536225153,8.275475121125453,0.0108041538253807,2.4,504.0,3941474310.0,0.3509999999999999,8.5,110.515,24.8,0.0009714196529139,1.567008086388529e-05,7976985.0,1.0,0.0,3.0,2.0,4.0,3.0,2.0
147,SGP,3,27.513703648373987,9.3,1.3909800791347946,1.3829250953950496,16.203401158778988,5.5,65233.0,372062527488.0,0.884,1.3,8357.633,16.5,0.3191553042274615,0.0002741719588065,5850343.0,3.0,1.0,3.0,2.0,5.0,4.0,1.0
148,SVK,0,4.950156525888325,17.2,0.8244568051354842,0.9039953432628176,11.204803501440558,6.5,19470.0,105870732800.0,0.694,49.0,111.8,30.1,0.3372937613443071,0.0037476004147202,5450421.0,2.0,0.0,3.0,2.0,5.0,3.0,2.0
149,SVN,0,11.259329613197968,12.7,1.1366016824552485,1.2147713681988963,10.121832331624608,5.9,26078.0,53990687600.0,0.788,46.0,102.9,22.5,0.5523377294911644,0.0039362624392813,2080908.0,2.0,0.0,2.0,2.0,0.0,2.0,2.0
150,SOM,5,,21.8,2.495528758184661,3.205519774048151,,5.1,,,,6.0,25.334,,0.0017112329478376,8.563400529496259e-05,15893219.0,1.0,1.0,3.0,2.0,0.0,3.0,1.0
151,ZAF,2,17.463010450203253,26.2,0.7521650919499505,0.8641208154018979,0.5248945903125362,12.7,6001.0,351431649241.0,0.406,-29.0,48.891,20.3,0.0676964202041893,0.0017219904873973,59308690.0,1.0,2.0,3.0,2.0,0.0,3.0,1.0
152,SSD,5,,19.8,3.043339780221317,2.6642322275612624,0.0619065108582093,10.2,1119.0,11997800760.0,0.302,7.0,18.322,,0.001588389356219,1.2328331336232991e-05,11193729.0,2.0,0.0,1.0,2.0,0.0,3.0,2.0
153,ESP,5,15.152451324543607,9.9,2.783754748712315,2.743920129424382,,6.9,30326.0,1418587740000.0,0.743,40.2,93.1,29.3,0.2849372329668709,0.0024134234227708,46937060.0,3.0,2.0,2.0,2.0,5.0,4.0,2.0
154,LKA,1,25.698068049847407,17.4,2.170270113501524,2.103299174699384,0.4275860017690426,10.7,3853.0,84008783756.0,0.584,7.0,341.465,13.0,0.0313132756587626,0.0007816188574831,21413250.0,2.0,1.0,3.0,2.0,5.0,3.0,2.0
155,SDN,0,30.142630966839377,26.0,3.420074498087224,4.333851690239775,,22.1,441.0,18902284475.0,0.379,15.0,24.843,,0.0014430115129171,0.000113137575908,43849269.0,1.0,0.0,3.0,2.0,0.0,0.0,0.0
156,SUR,1,27.395884661241094,21.7,1.9211296992673457,1.9510118992931105,0.6522883867190538,12.5,6854.0,3985250737.0,,4.0,3.76,25.0,0.1382088320826955,0.0023592222748766,586634.0,4.0,2.0,1.0,2.0,0.0,4.0,2.0
157,SWE,3,5.84765150964467,9.1,8.709913188843991,8.813152832333527,2.495617730076354,4.8,54634.0,556025322000.0,0.8,61.0,25.0,18.8,0.2520502806156487,0.001955585358427,10230185.0,3.0,1.0,2.0,2.0,5.0,0.0,2.0
158,CHE,0,7.577672806091371,8.6,1.1066623696809457,1.1201392683140972,3.0797271295853363,5.7,81993.0,703082435360.0,0.767,46.798562,213.6,25.7,0.4744554028561206,0.0015858104257848,8544527.0,3.0,0.0,3.0,2.0,5.0,2.0,2.0
159,SYR,1,20.032687539634143,21.8,2.882431785275261,3.818161850100308,,13.5,,,,35.216667,95.304,,0.0032682772995322,0.0001807360717943,17500657.0,1.0,0.0,1.0,2.0,0.0,0.0,2.0
160,TJK,3,10.240235380020598,25.3,9.396126918670474,8.961272590863189,,6.1,870.0,8116626794.0,0.533,38.583333,68.145,,0.001864821514584,1.3105964765714628e-05,9537642.0,3.0,0.0,1.0,2.0,0.0,3.0,0.0
161,TZA,5,22.02761764089522,17.9,12.40096344228502,13.712636369155256,,5.7,1122.0,63177068174.0,0.4,-6.307,67.435,14.8,0.000657127599555,1.4145997035233392e-05,59734213.0,1.0,0.0,3.0,1.0,0.0,0.0,0.0
162,THA,1,28.963727036585365,14.5,1.491888013020999,1.5757138973137697,0.4017603063459087,7.0,7808.0,543649976165.0,0.604,14.0,136.624,19.9,0.0669242188013297,0.0004669199179403,69799978.0,3.0,1.0,2.0,2.0,0.0,3.0,2.0
163,TLS,4,27.879573180894308,19.9,9.5596268621009,10.368934476964036,0.771449264443268,6.7,1294.0,1673540300.0,0.434,-8.966667,88.665,42.6,0.0176245902360513,0.0001046689956782,1318442.0,4.0,0.0,1.0,2.0,0.0,3.0,0.0
164,TGO,5,27.45452615392457,23.6,4.535905912154654,6.209255339738544,0.116523040200632,2.4,675.0,5459979416.0,0.413,8.25,152.211,7.4,0.0046719692474793,3.4304753769174426e-05,8278736.0,2.0,0.0,2.0,2.0,0.0,4.0,2.0
165,TTO,3,27.344328128672743,21.3,1.2396983840802598,1.2404789816489796,1.0107997089951997,11.0,17276.0,24100202833.0,0.613,10.666667,272.805,,0.1297378832732758,0.0029839420189197,1399491.0,4.0,0.0,1.0,2.0,0.0,4.0,2.0
166,TUN,2,21.333501751016257,16.1,1.7408746317094363,2.3020869477744443,0.8229626808648911,8.5,3317.0,38797709923.0,0.508,34.0,76.072,32.7,0.0968948315276794,0.0024743163710003,11818618.0,2.0,0.0,1.0,2.0,0.0,3.0,2.0
167,TUR,0,13.68239925101626,16.1,1.1605375655945849,1.2052704072259928,2.499644700911566,11.1,9042.0,754411708202.0,0.626,39.0,106.2,27.2,0.2055071246505135,0.0012324782380424,82003882.0,1.0,0.0,2.0,2.0,0.0,4.0,2.0
168,USA,0,12.594429921052631,14.6,1.0885369615337244,1.2437195316395278,3.2828435644619165,10.8,65118.0,21374418877706.004,0.762,39.828175,36.185,21.8,0.2792741865898129,0.0030368186149278,331002647.0,3.0,1.0,3.0,2.0,5.0,3.0,2.0
169,UGA,4,23.49320996236012,21.9,3.565553027676724,3.068403061312191,0.0788348832460554,2.5,776.0,34387229486.0,0.382,1.28,228.922,10.0,0.0036947377626199,7.931614962506285e-05,45741000.0,1.0,2.0,1.0,2.0,0.0,3.0,2.0
170,UKR,0,10.51573591845056,24.7,1.016117532823732,1.001904691827047,0.6453216075582997,6.1,3659.0,153781069118.0,0.647,49.0,75.492,28.9,0.116532333751599,0.0024913248367239,43733759.0,1.0,1.0,2.0,2.0,0.0,3.0,1.0
171,ARE,3,29.445821646341464,16.8,2.600541285589795,2.4948696473456904,20.140679435262967,16.3,43103.0,421142267937.0,0.659,24.4,118.306,28.9,0.1032507279786459,0.0002367952762274,9890400.0,2.0,0.0,3.0,2.0,5.0,3.0,2.0
172,GBR,5,9.176960460913708,10.9,1.24894459662743,1.2777867508229743,9.436534462750153,3.9,43070.0,2860009176200.0,0.781,54.6,273.8,22.3,0.3534282325691772,0.0028362219206137,66647112.0,3.0,0.0,2.0,2.0,5.0,3.0,2.0
173,URY,3,17.50869014314721,16.7,1.623108348502242,1.599648617347475,2.3177117498288964,7.3,16190.0,56045912952.0,0.6,-33.0,19.848,16.8,0.2829370298817379,0.0021481250541565,3473727.0,4.0,0.0,3.0,2.0,0.0,2.0,2.0
174,UZB,4,16.12960829776423,24.5,3.883830575470253,4.693844077133047,,6.5,1724.0,57921286440.0,,41.0,78.677,12.6,0.007290464286283,4.891064169178354e-05,33469199.0,3.0,0.0,1.0,2.0,0.0,3.0,1.0
175,VEN,3,26.36518636686992,18.1,29.24110765689168,32.46658639033001,,7.0,,,,8.0,32.238,,0.0191262515894057,0.0002042837123425,28435943.0,3.0,2.0,3.0,2.0,0.0,4.0,2.0
176,VNM,1,26.75855037601626,17.1,2.49113615890747,2.307489743865361,2.2216380908658158,6.0,2715.0,261921244843.0,0.666,16.0,313.925,22.8,0.1176104443599718,0.0004431130870273,97338583.0,4.0,2.0,3.0,2.0,0.0,3.0,2.0
177,PSE,0,,,0.0,0.0,1.0640120255886305,9.5,3198.0,14615900000.0,0.554,,847.411,,0.1377593985669861,0.0011187090015791,5101416.0,4.0,2.0,1.0,2.0,0.0,0.0,2.0
178,YEM,5,29.233084413441954,30.6,0.6452905959889271,0.769922284478909,,5.4,968.0,27591261663.0,0.369,15.5,56.492,18.4,0.000400054073685,7.225247475622585e-05,29825968.0,3.0,2.0,1.0,1.0,0.0,1.0,1.0
179,ZMB,2,21.067936095124853,17.9,1.3959366373210558,1.6276865251590822,0.2448745271682291,4.5,1291.0,23064722446.0,0.396,-14.0,24.73,13.8,0.0181260768900882,0.0002185057449006,18383956.0,2.0,0.0,3.0,2.0,0.0,3.0,1.0
180,ZWE,2,18.94657719850187,19.3,0.6644185625685896,0.8515123884701854,0.1984149430243535,1.8,1463.0,21440758800.0,0.441,-19.0,38.42,15.8,0.0172872409317491,0.0003765072653589,14862927.0,1.0,2.0,3.0,2.0,0.0,3.0,2.0
